Species,Individual,Position,Shape,Depth,Association,Habitat,Mode,SL.px,Amp,Wobble,G,GJ,Dpost,Dant,alphaPost,alphaAnt,d,CBL,ASquishAnt,ASquishPost,ABoneL,ABoneR,PercSquish,PercSquishBL
A.insignis,1,20,Eel like,30,Demersal,Rocky Interdital,Anguiliform,3229.7,0.015321422,0.179099804,-1045026.423,0.000499489,0.013084232,0.013194726,65.8384164,82.83544247,0.001875507,0.017315371,4.84E-05,6.61E-05,6.06E-05,3.86E-05,0.866120409,0.866120409
A.insignis,1,30,Eel like,30,Demersal,Rocky Interdital,Anguiliform,3229.7,0.020902311,0.196005217,-274946.2163,0.000508413,0.012818528,0.012818531,63.9834749,79.27858272,0.001803272,0.017957495,4.93E-05,6.57E-05,5.50E-05,4.51E-05,0.869706629,0.869706629
A.insignis,1,40,Eel like,30,Demersal,Rocky Interdital,Anguiliform,3229.7,0.029182435,0.212910629,495133.9901,0.000517337,0.012940486,0.012942583,69.27347428,77.43807994,0.002455495,0.017367684,5.15E-05,6.05E-05,4.42E-05,4.67E-05,0.811705345,0.811705345
A.insignis,1,50,Eel like,30,Demersal,Rocky Interdital,Anguiliform,3229.7,0.025533723,0.229816042,1265214.196,0.000526262,0.012648546,0.012736151,66.77707953,97.96761494,0.001114655,0.01510782,3.52E-05,6.06E-05,4.51E-05,4.25E-05,0.913583154,0.913583154
A.insignis,1,60,Eel like,30,Demersal,Rocky Interdital,Anguiliform,3229.7,0.034813612,0.246721455,2035294.403,0.000535186,0.012614654,0.012617469,69.42655006,81.09221648,0.001650308,0.016394487,4.65E-05,5.70E-05,4.74E-05,4.25E-05,0.8692116,0.8692116
A.insignis,1,70,Eel like,30,Demersal,Rocky Interdital,Anguiliform,3229.7,0.040260691,0.263626867,2805374.609,0.00054411,0.011799357,0.01180787,65.43325155,85.00791566,0.002916624,0.015577985,3.79E-05,5.41E-05,3.63E-05,3.30E-05,0.752780928,0.752780928
A.insignis,1,80,Eel like,30,Demersal,Rocky Interdital,Anguiliform,3229.7,0.049934168,0.28053228,3575454.815,0.000553035,0.010236442,0.010345478,59.53005122,83.67519903,0.001697475,0.014487951,2.96E-05,4.55E-05,3.53E-05,2.73E-05,0.833973434,0.833973434
A.insignis,1,90,Eel like,30,Demersal,Rocky Interdital,Anguiliform,3229.7,0.067255161,0.297437692,4345535.022,0.000561959,0.008310369,0.008310609,61.71716514,68.69655323,0.001278757,0.012974586,2.51E-05,2.87E-05,2.22E-05,2.33E-05,0.846148614,0.846148614
A.insignis,2,20,Eel like,30,Demersal,Rocky Interdital,Anguiliform,3802.7,0.015321422,0.179099804,-1045026.423,0.000499489,0.01098693,0.01098693,66.161471,59.74854671,0.002154259,0.017976701,5.25E-05,4.63E-05,3.92E-05,4.03E-05,0.804451891,0.804451891
A.insignis,2,30,Eel like,30,Demersal,Rocky Interdital,Anguiliform,3802.7,0.020902311,0.196005217,-274946.2163,0.000508413,0.011020768,0.011028295,67.25965211,61.00284668,0.002312509,0.017637682,5.16E-05,4.56E-05,3.83E-05,3.85E-05,0.790950544,0.790950544
A.insignis,2,40,Eel like,30,Demersal,Rocky Interdital,Anguiliform,3802.7,0.029182435,0.212910629,495133.9901,0.000517337,0.010894922,0.010894944,68.60358258,60.79800071,0.001957609,0.017265986,5.06E-05,4.35E-05,3.92E-05,3.79E-05,0.820568291,0.820568291
A.insignis,2,50,Eel like,30,Demersal,Rocky Interdital,Anguiliform,3802.7,0.025533723,0.229816042,1265214.196,0.000526262,0.010923695,0.010926207,70.95910478,66.30995532,0.001512118,0.016023061,4.57E-05,4.19E-05,3.69E-05,3.87E-05,0.86405885,0.86405885
A.insignis,2,60,Eel like,30,Demersal,Rocky Interdital,Anguiliform,3802.7,0.034813612,0.246721455,2035294.403,0.000535186,0.010822248,0.010839029,67.2266967,69.22375702,0.002271256,0.015907825,4.20E-05,4.40E-05,3.15E-05,3.66E-05,0.791590834,0.791590834
A.insignis,2,70,Eel like,30,Demersal,Rocky Interdital,Anguiliform,3802.7,0.040260691,0.263626867,2805374.609,0.00054411,0.010088644,0.010089604,68.65277258,69.55313475,0.001602202,0.014629282,3.66E-05,3.71E-05,3.00E-05,3.21E-05,0.841603736,0.841603736
A.insignis,2,80,Eel like,30,Demersal,Rocky Interdital,Anguiliform,3802.7,0.049934168,0.28053228,3575454.815,0.000553035,0.00882019,0.008820332,67.98034885,65.32958787,0.001410408,0.01333532,3.02E-05,2.86E-05,2.08E-05,2.87E-05,0.840834451,0.840834451
A.insignis,2,90,Eel like,30,Demersal,Rocky Interdital,Anguiliform,3802.7,0.067255161,0.297437692,4345535.022,0.000561959,0.007898986,0.007899933,58.74452754,66.59742196,0.001596234,0.012965753,2.35E-05,2.77E-05,1.87E-05,2.21E-05,0.798511578,0.798511578
A.personatus,1,20,Elongate,172,Demersal,Nearshore Pelagic,Caudal,2642,0.01460383,,,,0.007937078,0.007947187,57.73191716,62.26705209,0.002903054,0.013721524,2.61E-05,2.83E-05,1.44E-05,2.03E-05,0.636704857,0.636704857
A.personatus,1,30,Elongate,172,Demersal,Nearshore Pelagic,Caudal,2642,0.01805044,,,,0.008424493,0.008467649,63.63522615,70.72779934,0.003776495,0.01266456,2.53E-05,2.84E-05,1.26E-05,1.72E-05,0.554079159,0.554079159
A.personatus,1,40,Elongate,172,Demersal,Nearshore Pelagic,Caudal,2642,0.02314731,,,,0.008323445,0.008620001,69.02347338,76.61897275,0.003930268,0.011404335,2.32E-05,2.52E-05,1.05E-05,1.56E-05,0.53824395,0.53824395
A.personatus,1,50,Elongate,172,Demersal,Nearshore Pelagic,Caudal,2642,0.03298511,,,,0.002385312,0.012520385,20.05770832,57.48652579,0.008929454,0.007211203,6.95E-05,6.50E-06,6.17E-06,2.48E-05,0.40762242,0.40762242
A.personatus,1,60,Elongate,172,Demersal,Nearshore Pelagic,Caudal,2642,0.04100217,,,,0.00848415,0.008524885,70.28924952,67.43591445,0.004392265,0.012360015,2.68E-05,2.55E-05,1.00E-05,1.52E-05,0.480984573,0.480984573
A.personatus,1,70,Elongate,172,Demersal,Nearshore Pelagic,Caudal,2642,0.05139249,,,,0.008366883,0.008393002,70.93814575,68.14627451,0.00464383,0.012063597,2.60E-05,2.46E-05,1.02E-05,1.24E-05,0.44663301,0.44663301
A.personatus,1,80,Elongate,172,Demersal,Nearshore Pelagic,Caudal,2642,0.06125433,,,,0.007977769,0.008343968,64.72836723,67.92224999,0.004167566,0.012349787,2.48E-05,2.48E-05,1.03E-05,1.36E-05,0.481970242,0.481970242
A.personatus,1,90,Elongate,172,Demersal,Nearshore Pelagic,Caudal,2642,0.07309477,,,,0.00880261,0.009185365,72.66234998,69.81686537,0.003398219,0.012459277,2.96E-05,2.61E-05,1.51E-05,1.92E-05,0.616689956,0.616689956
A.personatus,2,20,Elongate,172,Demersal,Nearshore Pelagic,Caudal,2251,0.01460383,,,,0.007986139,0.007987054,50.68291565,53.66749116,0.00296839,0.015934632,2.98E-05,3.35E-05,1.46E-05,2.53E-05,0.631163009,0.631163009
A.personatus,2,30,Elongate,172,Demersal,Nearshore Pelagic,Caudal,2251,0.01805044,,,,0.009168305,0.009667151,60.09392999,91.93391835,0.003938702,0.012146617,2.25E-05,3.51E-05,1.09E-05,2.33E-05,0.595345598,0.595345598
A.personatus,2,40,Elongate,172,Demersal,Nearshore Pelagic,Caudal,2251,0.02314731,,,,0.009547068,0.009746485,72.18534182,68.55159304,0.003762415,0.013075378,3.33E-05,3.12E-05,1.57E-05,2.41E-05,0.616556639,0.616556639
A.personatus,2,50,Elongate,172,Demersal,Nearshore Pelagic,Caudal,2251,0.03298511,,,,0.009072772,0.009395368,61.70551626,69.69033293,0.004603982,0.013958529,3.17E-05,3.44E-05,1.61E-05,1.71E-05,0.501901314,0.501901314
A.personatus,2,60,Elongate,172,Demersal,Nearshore Pelagic,Caudal,2251,0.04100217,,,,0.009176868,0.009258704,67.31123083,60.95595782,0.004058254,0.014576238,3.62E-05,3.16E-05,1.69E-05,2.10E-05,0.559547222,0.559547222
A.personatus,2,70,Elongate,172,Demersal,Nearshore Pelagic,Caudal,2251,0.05139249,,,,0.008984695,0.009076698,66.68441656,60.46446503,0.00476099,0.014483916,3.53E-05,3.06E-05,1.62E-05,1.49E-05,0.47268671,0.47268671
A.personatus,2,80,Elongate,172,Demersal,Nearshore Pelagic,Caudal,2251,0.06125433,,,,0.008994524,0.009059932,70.09544646,66.25650068,0.004344478,0.013278915,3.13E-05,2.88E-05,1.70E-05,1.41E-05,0.518381056,0.518381056
A.personatus,2,90,Elongate,172,Demersal,Nearshore Pelagic,Caudal,2251,0.07309477,,,,0.009116422,0.009118714,63.20773809,59.6795196,0.003925494,0.015343905,3.62E-05,3.37E-05,1.93E-05,2.05E-05,0.569461014,0.569461014
A.personatus,3,20,Elongate,172,Demersal,Nearshore Pelagic,Caudal,2100,0.01460383,,,,0.009038728,0.009066722,64.8537194,62.92360897,0.003641048,0.01449284,3.35E-05,3.21E-05,2.07E-05,1.85E-05,0.597652089,0.597652089
A.personatus,3,30,Elongate,172,Demersal,Nearshore Pelagic,Caudal,2100,0.01805044,,,,0.008742078,0.008746997,69.59361493,60.21151853,0.003864034,0.013676216,3.25E-05,2.73E-05,1.56E-05,1.76E-05,0.555983876,0.555983876
A.personatus,3,40,Elongate,172,Demersal,Nearshore Pelagic,Caudal,2100,0.02314731,,,,0.008929781,0.009035091,66.36194632,77.84598665,0.004186944,0.012178834,2.51E-05,3.04E-05,1.46E-05,1.50E-05,0.534749962,0.534749962
A.personatus,3,50,Elongate,172,Demersal,Nearshore Pelagic,Caudal,2100,0.03298511,,,,0.008215932,0.008670717,61.40877827,67.01479531,0.004477997,0.013189707,2.80E-05,2.81E-05,1.40E-05,1.22E-05,0.465367504,0.465367504
A.personatus,3,60,Elongate,172,Demersal,Nearshore Pelagic,Caudal,2100,0.04100217,,,,0.0087539,0.009199362,61.91463298,65.04793692,0.004789955,0.014132969,3.32E-05,3.17E-05,1.54E-05,1.48E-05,0.465268817,0.465268817
A.personatus,3,70,Elongate,172,Demersal,Nearshore Pelagic,Caudal,2100,0.05139249,,,,0.009643496,0.010075661,72.2422993,63.94713362,0.004584953,0.013932194,4.01E-05,3.18E-05,1.70E-05,2.14E-05,0.534381255,0.534381255
A.personatus,3,80,Elongate,172,Demersal,Nearshore Pelagic,Caudal,2100,0.06125433,,,,0.009087768,0.009363391,72.47553434,64.66486918,0.004746261,0.012802978,3.41E-05,2.79E-05,1.57E-05,1.40E-05,0.479113286,0.479113286
A.personatus,3,90,Elongate,172,Demersal,Nearshore Pelagic,Caudal,2100,0.07309477,,,,0.008912827,0.009497029,68.55518256,60.39557682,0.004316747,0.013935746,3.87E-05,2.90E-05,1.67E-05,1.88E-05,0.52471006,0.52471006
A.purpureus,1,20,Eel like,30,Demersal,Rocky Interdital,Anguiliform,3101.6,0.02375991,,,,0.01249528,0.012592295,60.33306183,75.89678989,0.001892162,0.018696399,5.07E-05,6.71E-05,5.53E-05,4.47E-05,0.848622775,0.848622775
A.purpureus,1,30,Eel like,30,Demersal,Rocky Interdital,Anguiliform,3101.6,0.0237054,,,,0.012542473,0.012582156,55.67876485,79.61667061,0.002003459,0.019263271,4.74E-05,7.38E-05,5.08E-05,5.17E-05,0.845914341,0.845914341
A.purpureus,1,40,Eel like,30,Demersal,Rocky Interdital,Anguiliform,3101.6,0.02784606,,,,0.01191716,0.011949756,64.18923439,80.3559313,0.001735191,0.016554571,4.23E-05,5.66E-05,4.48E-05,3.99E-05,0.856982701,0.856982701
A.purpureus,1,50,Eel like,30,Demersal,Rocky Interdital,Anguiliform,3101.6,0.03552247,,,,0.012358653,0.012359078,67.05309361,88.05112276,0.001718952,0.015686164,3.92E-05,5.76E-05,4.60E-05,3.74E-05,0.860784963,0.860784963
A.purpureus,1,60,Eel like,30,Demersal,Rocky Interdital,Anguiliform,3101.6,0.04348987,,,,0.011498419,0.011558923,62.25250684,87.18007876,0.002054449,0.015545728,3.47E-05,5.47E-05,4.28E-05,3.07E-05,0.821803831,0.821803831
A.purpureus,1,70,Eel like,30,Demersal,Rocky Interdital,Anguiliform,3101.6,0.05094126,,,,0.010603324,0.010825204,60.75529067,87.92640184,0.001999852,0.014510891,3.03E-05,4.79E-05,3.44E-05,2.93E-05,0.813589528,0.813589528
A.purpureus,1,80,Eel like,30,Demersal,Rocky Interdital,Anguiliform,3101.6,0.06353801,,,,0.010531315,0.010674198,63.60835687,81.44576978,0.002246765,0.014547705,3.30E-05,4.47E-05,3.66E-05,2.44E-05,0.786087796,0.786087796
A.purpureus,1,90,Eel like,30,Demersal,Rocky Interdital,Anguiliform,3101.6,0.07591203,,,,0.008333093,0.008347271,57.5099024,85.56610295,0.001389979,0.012091061,1.88E-05,3.16E-05,2.21E-05,2.00E-05,0.834454775,0.834454775
A.purpureus,2,20,Eel like,30,Demersal,Rocky Interdital,Anguiliform,4037.4,0.02375991,,,,0.012373425,0.012406116,62.86321554,84.05740758,0.001388519,0.01692331,4.23E-05,6.26E-05,5.53E-05,3.80E-05,0.890349229,0.890349229
A.purpureus,2,30,Eel like,30,Demersal,Rocky Interdital,Anguiliform,4037.4,0.0237054,,,,0.011836699,0.0119053,61.22209575,82.72433336,0.001342448,0.016700699,4.01E-05,5.92E-05,4.57E-05,4.24E-05,0.887757536,0.887757536
A.purpureus,2,40,Eel like,30,Demersal,Rocky Interdital,Anguiliform,4037.4,0.02784606,,,,0.011236356,0.011305569,58.01184011,80.89297146,0.00192925,0.016601522,3.73E-05,5.69E-05,3.99E-05,3.82E-05,0.829541536,0.829541536
A.purpureus,2,50,Eel like,30,Demersal,Rocky Interdital,Anguiliform,4037.4,0.03552247,,,,0.012787314,0.01285988,65.86208315,95.76068848,0.002125921,0.015572413,3.71E-05,6.30E-05,3.67E-05,4.70E-05,0.835790454,0.835790454
A.purpureus,2,60,Eel like,30,Demersal,Rocky Interdital,Anguiliform,4037.4,0.04348987,,,,0.011217305,0.0112195,59.57935465,83.42008409,0.003328153,0.016053923,3.52E-05,5.48E-05,3.45E-05,2.91E-05,0.705418916,0.705418916
A.purpureus,2,70,Eel like,30,Demersal,Rocky Interdital,Anguiliform,4037.4,0.05094126,,,,0.010496363,0.010515892,60.44324319,79.75578435,0.003412805,0.015273769,3.30E-05,4.73E-05,2.87E-05,2.57E-05,0.676673028,0.676673028
A.purpureus,2,80,Eel like,30,Demersal,Rocky Interdital,Anguiliform,4037.4,0.06353801,,,,0.009306684,0.009341512,57.23888279,85.87681172,0.002490975,0.01348981,2.34E-05,3.96E-05,2.73E-05,1.89E-05,0.733729008,0.733729008
A.purpureus,2,90,Eel like,30,Demersal,Rocky Interdital,Anguiliform,4037.4,0.07591203,,,,0.008339525,0.00833953,55.66609239,81.72349231,0.001931228,0.012678153,2.01E-05,3.28E-05,1.89E-05,2.17E-05,0.768550996,0.768550996
A.purpureus,3,20,Eel like,30,Demersal,Rocky Interdital,Anguiliform,3858,0.02375991,,,,0.012146254,0.012151112,70.70940715,66.92689048,0.002379014,0.017546768,5.40E-05,5.20E-05,3.19E-05,5.33E-05,0.804382047,0.804382047
A.purpureus,3,30,Eel like,30,Demersal,Rocky Interdital,Anguiliform,3858,0.0237054,,,,0.011949445,0.01196967,58.07454757,81.23261067,0.001458928,0.017678414,4.18E-05,6.41E-05,4.09E-05,5.21E-05,0.878607678,0.878607678
A.purpureus,3,40,Eel like,30,Demersal,Rocky Interdital,Anguiliform,3858,0.02784606,,,,0.011742831,0.011743485,60.42276083,81.02994211,0.001026128,0.016915991,4.03E-05,5.89E-05,4.26E-05,4.84E-05,0.917601299,0.917601299
A.purpureus,3,50,Eel like,30,Demersal,Rocky Interdital,Anguiliform,3858,0.03552247,,,,0.012178496,0.01217994,66.45701218,83.65603355,0.001323404,0.016071464,4.13E-05,5.66E-05,4.52E-05,4.21E-05,0.892091483,0.892091483
A.purpureus,3,60,Eel like,30,Demersal,Rocky Interdital,Anguiliform,3858,0.04348987,,,,0.011606317,0.011615274,62.68351461,89.82842289,0.001342665,0.015246104,3.38E-05,5.47E-05,3.60E-05,4.23E-05,0.885579576,0.885579576
A.purpureus,3,70,Eel like,30,Demersal,Rocky Interdital,Anguiliform,3858,0.05094126,,,,0.011068501,0.011080636,60.72332983,89.39282822,0.001078011,0.014927462,3.10E-05,5.17E-05,3.15E-05,4.34E-05,0.905891321,0.905891321
A.purpureus,3,80,Eel like,30,Demersal,Rocky Interdital,Anguiliform,3858,0.06353801,,,,0.009292403,0.009294829,54.12050242,85.14144516,0.001325436,0.014035958,2.33E-05,4.14E-05,2.67E-05,2.90E-05,0.85964841,0.85964841
A.purpureus,3,90,Eel like,30,Demersal,Rocky Interdital,Anguiliform,3858,0.07591203,,,,0.008015536,0.008057487,54.47511189,85.62436474,0.000847891,0.012100061,1.73E-05,3.10E-05,2.17E-05,2.14E-05,0.895262508,0.895262508
Ap.flavidus,1,20,Laterally compressed,8,Demersal,Nearshore,Anguiliform,4322,0.01966165,0.085921761,84707.07284,0.000489828,0.008846139,0.008847048,71.81200153,97.50965174,0.001793151,0.009978702,1.71E-05,2.70E-05,1.64E-05,1.88E-05,0.797486756,0.797486756
Ap.flavidus,1,30,Laterally compressed,8,Demersal,Nearshore,Anguiliform,4322,0.026505469,0.157062791,235513.0062,0.000479352,0.009762394,0.009765398,79.1272412,101.5634668,0.002173624,0.009878133,1.94E-05,2.88E-05,1.64E-05,2.11E-05,0.777591874,0.777591874
Ap.flavidus,1,40,Laterally compressed,8,Demersal,Nearshore,Anguiliform,4322,0.035824208,0.22820382,386318.9396,0.000468875,0.010011736,0.0100391,72.17255481,108.1786098,0.001502197,0.010492501,1.82E-05,3.43E-05,2.13E-05,2.34E-05,0.851567192,0.851567192
Ap.flavidus,1,50,Laterally compressed,8,Demersal,Nearshore,Anguiliform,4322,0.047777458,0.29934485,537124.8731,0.000458399,0.009518183,0.009519819,70.90639008,100.711678,0.001657495,0.010624061,1.88E-05,3.18E-05,2.09E-05,2.09E-05,0.826373103,0.826373103
Ap.flavidus,1,60,Laterally compressed,8,Demersal,Nearshore,Anguiliform,4322,0.065643713,0.370485879,687930.8065,0.000447923,0.009733478,0.009746477,72.7667854,104.9803826,0.001233002,0.010341291,1.82E-05,3.21E-05,2.11E-05,2.29E-05,0.873747134,0.873747134
Ap.flavidus,1,70,Laterally compressed,8,Demersal,Nearshore,Anguiliform,4322,0.075520038,0.441626909,838736.7399,0.000437447,0.009021515,0.009034275,66.85695314,103.5303353,0.001418325,0.010346023,1.60E-05,3.08E-05,1.75E-05,2.19E-05,0.843663955,0.843663955
Ap.flavidus,1,80,Laterally compressed,8,Demersal,Nearshore,Anguiliform,4322,0.08305848,0.512767938,989542.6733,0.00042697,0.008114427,0.008129415,67.01951112,95.53865782,0.001619621,0.009736823,1.48E-05,2.47E-05,1.38E-05,1.79E-05,0.801149754,0.801149754
Ap.flavidus,1,90,Laterally compressed,8,Demersal,Nearshore,Anguiliform,4322,0.086775661,0.583908968,1140348.607,0.000416494,0.006933369,0.007105229,63.16564816,93.18236581,0.001561724,0.008850826,1.19E-05,1.95E-05,1.13E-05,1.32E-05,0.780464236,0.780464236
Ap.flavidus,3,20,Laterally compressed,8,Demersal,Nearshore,Anguiliform,4411.2,0.01966165,0.085921761,84707.07284,0.000489828,0.008730553,0.008733437,61.46608277,128.0391445,0.001268123,0.00946453,9.28E-06,3.20E-05,1.86E-05,1.68E-05,0.854901524,0.854901524
Ap.flavidus,3,30,Laterally compressed,8,Demersal,Nearshore,Anguiliform,4411.2,0.026505469,0.157062791,235513.0062,0.000479352,0.008521821,0.008542013,67.78194445,99.70544219,0.001283428,0.009913559,1.54E-05,2.70E-05,1.97E-05,1.63E-05,0.849796083,0.849796083
Ap.flavidus,3,40,Laterally compressed,8,Demersal,Nearshore,Anguiliform,4411.2,0.035824208,0.22820382,386318.9396,0.000468875,0.009180979,0.009187038,69.03090521,98.56449785,0.001106275,0.010590881,1.81E-05,3.06E-05,2.10E-05,2.19E-05,0.880107496,0.880107496
Ap.flavidus,3,50,Laterally compressed,8,Demersal,Nearshore,Anguiliform,4411.2,0.047777458,0.29934485,537124.8731,0.000458399,0.009101866,0.009101903,67.83824474,109.0629359,0.001342492,0.010002769,1.48E-05,3.08E-05,1.98E-05,1.90E-05,0.85321975,0.85321975
Ap.flavidus,3,60,Laterally compressed,8,Demersal,Nearshore,Anguiliform,4411.2,0.065643713,0.370485879,687930.8065,0.000447923,0.00889494,0.008896697,62.62852427,115.0761408,0.001114515,0.010137782,1.26E-05,3.25E-05,1.99E-05,1.97E-05,0.877890639,0.877890639
Ap.flavidus,3,70,Laterally compressed,8,Demersal,Nearshore,Anguiliform,4411.2,0.075520038,0.441626909,838736.7399,0.000437447,0.007958455,0.008019894,57.5343852,106.3686031,0.001006378,0.01011077,1.18E-05,2.87E-05,2.09E-05,1.45E-05,0.875394284,0.875394284
Ap.flavidus,3,80,Laterally compressed,8,Demersal,Nearshore,Anguiliform,4411.2,0.08305848,0.512767938,989542.6733,0.00042697,0.007655774,0.007797962,58.18581803,100.999495,0.001243576,0.009967559,1.25E-05,2.62E-05,1.83E-05,1.43E-05,0.842689683,0.842689683
Ap.flavidus,3,90,Laterally compressed,8,Demersal,Nearshore,Anguiliform,4411.2,0.086775661,0.583908968,1140348.607,0.000416494,0.006716715,0.00694732,52.1336851,110.5252925,0.000964787,0.00918352,8.37E-06,2.30E-05,1.46E-05,1.27E-05,0.870838086,0.870838086
Ap.flavidus,4,20,Laterally compressed,8,Demersal,Nearshore,Anguiliform,3757,0.01966165,0.085921761,84707.07284,0.000489828,0.007900195,0.007933828,72.15167085,91.39557548,0.001191882,0.009267577,1.53E-05,2.14E-05,1.59E-05,1.54E-05,0.85006728,0.85006728
Ap.flavidus,4,30,Laterally compressed,8,Demersal,Nearshore,Anguiliform,3757,0.026505469,0.157062791,235513.0062,0.000479352,0.008137217,0.008152187,80.45258717,77.09399472,0.001185651,0.009889472,2.08E-05,1.95E-05,1.80E-05,1.65E-05,0.85448054,0.85448054
Ap.flavidus,4,40,Laterally compressed,8,Demersal,Nearshore,Anguiliform,3757,0.035824208,0.22820382,386318.9396,0.000468875,0.008508044,0.008511819,77.4138354,88.35043386,0.001281383,0.009618757,1.85E-05,2.24E-05,1.97E-05,1.51E-05,0.849823835,0.849823835
Ap.flavidus,4,50,Laterally compressed,8,Demersal,Nearshore,Anguiliform,3757,0.047777458,0.29934485,537124.8731,0.000458399,0.008338079,0.008345708,73.28965161,91.97701685,0.001389154,0.009627477,1.68E-05,2.34E-05,1.64E-05,1.72E-05,0.834957307,0.834957307
Ap.flavidus,4,60,Laterally compressed,8,Demersal,Nearshore,Anguiliform,3757,0.065643713,0.370485879,687930.8065,0.000447923,0.008544051,0.008544052,72.21955737,100.21921,0.001424568,0.00940459,1.52E-05,2.50E-05,1.84E-05,1.50E-05,0.833182443,0.833182443
Ap.flavidus,4,70,Laterally compressed,8,Demersal,Nearshore,Anguiliform,3757,0.075520038,0.441626909,838736.7399,0.000437447,0.008291299,0.008291421,70.27053339,97.86361989,0.001368776,0.009488742,1.50E-05,2.44E-05,1.70E-05,1.58E-05,0.835082136,0.835082136
Ap.flavidus,4,80,Laterally compressed,8,Demersal,Nearshore,Anguiliform,3757,0.08305848,0.512767938,989542.6733,0.00042697,0.006796516,0.006797747,58.8771999,92.34260826,0.000776568,0.009232341,1.10E-05,2.04E-05,1.54E-05,1.24E-05,0.886251715,0.886251715
Ap.flavidus,4,90,Laterally compressed,8,Demersal,Nearshore,Anguiliform,3757,0.086775661,0.583908968,1140348.607,0.000416494,0.006194357,0.006195018,55.60878423,97.89125913,0.001362789,0.008549343,8.30E-06,1.82E-05,1.17E-05,9.01E-06,0.780071388,0.780071388
Au.flavidus,1,30,Elongate,30,Benthopelagic,Nearshore Pelagic,Pectoral,3498.5,,,,,0.009434127,0.013748196,107.3563385,40.26503296,0.008761156,0.019171008,6.44E-05,4.03E-06,9.25E-06,1.11E-06,0.151464714,0.151464714
Au.flavidus,1,40,Elongate,30,Benthopelagic,Nearshore Pelagic,Pectoral,3498.5,,,,,0.007983083,0.011349857,116.3181306,34.96963122,0.008292056,0.016108976,4.25E-05,3.14E-06,7.85E-06,1.15E-05,0.424787599,0.424787599
Au.flavidus,1,50,Elongate,30,Benthopelagic,Nearshore Pelagic,Pectoral,3498.5,,,,,0.007819512,0.01102573,111.3836312,33.4818972,0.007477801,0.015166611,3.56E-05,3.41E-06,6.64E-06,1.44E-05,0.538050001,0.538050001
Au.flavidus,1,60,Elongate,30,Benthopelagic,Nearshore Pelagic,Pectoral,3498.5,,,,,0.006933613,0.009856073,116.784542,35.88198312,0.006287946,0.013475284,2.97E-05,2.32E-06,5.75E-06,1.00E-05,0.491458975,0.491458976
Au.flavidus,1,70,Elongate,30,Benthopelagic,Nearshore Pelagic,Pectoral,3498.5,,,,,0.006178593,0.008780421,97.77914167,31.82008716,0.006544449,0.013367993,2.74E-05,2.12E-06,6.48E-06,5.56E-06,0.408016575,0.408016575
Au.flavidus,1,80,Elongate,30,Benthopelagic,Nearshore Pelagic,Pectoral,3498.5,,,,,0.008129522,0.011504713,88.72694726,32.5976082,0.008190562,0.015828748,3.60E-05,2.84E-06,6.88E-06,6.31E-06,0.339576091,0.339576091
Au.flavidus,1,90,Elongate,30,Benthopelagic,Nearshore Pelagic,Pectoral,3498.5,,,,,0.008765455,0.012384337,100.5185504,33.67155323,0.008985783,0.016242132,3.85E-05,3.64E-06,9.37E-06,1.38E-05,0.550594683,0.550594683
Au.flavidus,2,30,Elongate,30,Benthopelagic,Nearshore Pelagic,Pectoral,3931,,,,,0.010634382,0.029709777,125.6223347,136.2026031,0.010260477,0.01917963,7.02E-05,3.07E-06,6.98E-06,1.43E-05,0.289937233,0.289937233
Au.flavidus,2,40,Elongate,30,Benthopelagic,Nearshore Pelagic,Pectoral,3931,,,,,0.008939165,0.025143463,116.0959565,115.3257828,0.008609589,0.016431552,7.41E-05,3.33E-06,6.20E-06,2.85E-05,0.448764172,0.448764172
Au.flavidus,2,50,Elongate,30,Benthopelagic,Nearshore Pelagic,Pectoral,3931,,,,,0.009052055,0.023861634,113.9254319,114.0355373,0.008898704,0.01579944,6.55E-05,3.37E-06,1.04E-05,2.73E-05,0.548323684,0.548323684
Au.flavidus,2,60,Elongate,30,Benthopelagic,Nearshore Pelagic,Pectoral,3931,,,,,0.007221269,0.021030892,129.6422824,132.6567698,0.00822281,0.013499905,3.97E-05,2.11E-06,6.54E-06,1.58E-06,0.194317058,0.194317058
Au.flavidus,2,70,Elongate,30,Benthopelagic,Nearshore Pelagic,Pectoral,3931,,,,,0.007452132,0.021779561,117.8429583,139.5575473,0.007746698,0.013923123,3.58E-05,2.32E-06,4.44E-06,2.59E-06,0.184491934,0.184491934
Au.flavidus,2,80,Elongate,30,Benthopelagic,Nearshore Pelagic,Pectoral,3931,,,,,0.008920744,0.024220021,97.24868476,112.7677725,0.0091484,0.016055352,7.13E-05,4.64E-06,8.29E-06,8.77E-05,1.263971985,1.263971985
Au.flavidus,2,90,Elongate,30,Benthopelagic,Nearshore Pelagic,Pectoral,3931,,,,,0.009797304,0.029815883,90.67602987,132.5856833,0.010001753,0.019080373,7.81E-05,2.15E-06,1.09E-05,4.58E-05,0.706665729,0.706665729
C.aggregata,1,30,Fish,146,Demersal,Nearshore Pelagic,Caudal,2900,,,,,0.010639493,0.017245487,39.10586348,56.70474983,0.013021211,0.011372325,8.88E-05,5.99E-06,2.77E-06,7.46E-05,0.816006811,
C.aggregata,1,40,Fish,146,Demersal,Nearshore Pelagic,Caudal,2900,,,,,0.012659809,0.019856902,57.68063677,52.58107426,0.012290229,0.012745488,0.000113787,9.23E-06,1.04E-05,6.92E-05,0.646977059,
C.aggregata,1,50,Fish,146,Demersal,Nearshore Pelagic,Caudal,2900,,,,,0.012084252,0.018974696,55.86257516,49.42759558,0.012439383,0.013220459,0.000109915,1.09E-05,1.02E-05,7.91E-05,0.739078107,
C.aggregata,1,60,Fish,146,Demersal,Nearshore Pelagic,Caudal,2900,,,,,0.011775815,0.018450724,53.08832113,48.88307224,0.012606282,0.01306179,0.000102321,1.28E-05,9.50E-06,8.35E-05,0.808212218,
C.aggregata,1,70,Fish,146,Demersal,Nearshore Pelagic,Caudal,2900,,,,,0.01067114,0.017361434,53.45813131,50.12764539,0.012435071,0.01290337,9.65E-05,1.03E-05,1.40E-05,8.03E-05,0.882525022,
C.aggregata,1,80,Fish,146,Demersal,Nearshore Pelagic,Caudal,2900,,,,,0.01042853,0.017055676,53.16206799,46.97906944,0.012619977,0.012839097,9.58E-05,9.42E-06,1.35E-05,6.88E-05,0.782626677,
C.aggregata,1,90,Fish,146,Demersal,Nearshore Pelagic,Caudal,2900,,,,,0.010531784,0.015826303,55.19025387,45.0193863,0.012893993,0.012283617,8.56E-05,7.87E-06,8.01E-06,6.75E-05,0.807803437,
C.aggregata,2,30,Fish,146,Demersal,Nearshore Pelagic,Caudal,4051,,,,,0.011516487,0.017591322,52.12680588,63.92600783,0.012476227,0.012799906,0.000103708,5.30E-06,8.27E-06,6.31E-05,0.654806651,
C.aggregata,2,40,Fish,146,Demersal,Nearshore Pelagic,Caudal,4051,,,,,0.012330903,0.018111212,54.66286693,60.48662857,0.011345117,0.013822813,0.000117164,6.24E-06,7.48E-06,9.23E-05,0.808507024,
C.aggregata,2,50,Fish,146,Demersal,Nearshore Pelagic,Caudal,4051,,,,,0.01191098,0.017620527,56.80084469,62.01297058,0.011583182,0.013409389,0.000108674,7.08E-06,1.07E-05,8.53E-05,0.828833502,
C.aggregata,2,60,Fish,146,Demersal,Nearshore Pelagic,Caudal,4051,,,,,0.010306404,0.015787518,54.55079675,59.13059097,0.011459757,0.012448023,9.01E-05,6.19E-06,1.06E-05,6.10E-05,0.743841023,
C.aggregata,2,70,Fish,146,Demersal,Nearshore Pelagic,Caudal,4051,,,,,0.009226807,0.015198652,50.31784674,59.91765194,0.012261178,0.012135224,8.25E-05,6.34E-06,2.05E-05,4.42E-05,0.728083171,
C.aggregata,2,80,Fish,146,Demersal,Nearshore Pelagic,Caudal,4051,,,,,0.009527045,0.015194892,46.16848092,65.84450077,0.011745713,0.011233682,7.67E-05,5.00E-06,1.35E-05,4.17E-05,0.676298888,
C.aggregata,2,90,Fish,146,Demersal,Nearshore Pelagic,Caudal,4051,,,,,0.009065077,0.015632094,44.24571327,73.55499833,0.011357533,0.01095372,7.40E-05,4.25E-06,1.94E-05,2.85E-05,0.61228271,
C.aggregata,3,30,Fish,146,Demersal,Nearshore Pelagic,Caudal,3210,,,,,0.010028879,0.015552147,52.87900538,50.0163801,0.010152809,0.011191568,7.80E-05,6.28E-06,4.47E-07,6.08E-05,0.727186169,
C.aggregata,3,40,Fish,146,Demersal,Nearshore Pelagic,Caudal,3210,,,,,0.012409268,0.018646536,62.31206984,44.05216962,0.011590723,0.013027705,0.000106609,9.68E-06,6.20E-06,5.27E-05,0.506084923,
C.aggregata,3,50,Fish,146,Demersal,Nearshore Pelagic,Caudal,3210,,,,,0.012237313,0.017753844,60.32648762,40.58206121,0.011677305,0.013788171,0.000104819,1.09E-05,4.56E-06,6.98E-05,0.642676571,
C.aggregata,3,60,Fish,146,Demersal,Nearshore Pelagic,Caudal,3210,,,,,0.011177885,0.01606081,48.3526873,40.91621445,0.012105467,0.012894752,9.02E-05,9.02E-06,3.60E-06,7.39E-05,0.781059649,
C.aggregata,3,70,Fish,146,Demersal,Nearshore Pelagic,Caudal,3210,,,,,0.010509757,0.015905613,52.27521673,43.29311064,0.01267308,0.012921919,8.87E-05,9.49E-06,1.48E-05,7.62E-05,0.926744512,
C.aggregata,3,80,Fish,146,Demersal,Nearshore Pelagic,Caudal,3210,,,,,0.010046485,0.016211072,52.46549948,48.56185105,0.012416061,0.011864753,8.46E-05,8.04E-06,1.50E-05,6.27E-05,0.838298584,
C.aggregata,3,90,Fish,146,Demersal,Nearshore Pelagic,Caudal,3210,,,,,0.009755509,0.015059891,55.72735258,45.81988526,0.012880447,0.011411034,7.59E-05,6.79E-06,1.00E-05,5.47E-05,0.782739019,
L.armatus,1,30,Tadpole,156,Demersal,Sandy Intertidal,Pectoral,1349,,,,,0.012555226,0.012555324,67.93220718,85.78261112,0.00202864,0.015967289,4.15E-05,5.85E-05,3.56E-05,4.83E-05,0.838262818,
L.armatus,1,40,Tadpole,156,Demersal,Sandy Intertidal,Pectoral,1349,,,,,0.010540223,0.010540392,59.10252942,61.81131783,0.002006849,0.017934417,4.59E-05,4.84E-05,3.94E-05,3.69E-05,0.809328641,
L.armatus,1,50,Tadpole,156,Demersal,Sandy Intertidal,Pectoral,1349,,,,,0.011798009,0.011820718,64.83297714,60.93948555,0.002676798,0.019175662,5.88E-05,5.34E-05,4.80E-05,3.86E-05,0.771403706,
L.armatus,1,60,Tadpole,156,Demersal,Sandy Intertidal,Pectoral,1349,,,,,0.010973849,0.010990131,58.83373207,64.35448565,0.002307268,0.018335597,4.69E-05,5.34E-05,3.08E-05,4.85E-05,0.790469895,
L.armatus,1,70,Tadpole,156,Demersal,Sandy Intertidal,Pectoral,1349,,,,,0.010019913,0.010047991,57.17329979,61.25053764,0.002280584,0.017642419,4.23E-05,4.59E-05,3.38E-05,3.43E-05,0.772544201,
L.armatus,1,80,Tadpole,156,Demersal,Sandy Intertidal,Pectoral,1349,,,,,0.010168101,0.010185167,58.60656037,66.19562812,0.001370645,0.016811015,3.92E-05,4.60E-05,3.30E-05,4.08E-05,0.865049535,
L.armatus,1,90,Tadpole,156,Demersal,Sandy Intertidal,Pectoral,1349,,,,,0.009819756,0.009825779,62.41479052,70.73568558,0.00182696,0.015022993,3.40E-05,3.98E-05,3.03E-05,2.98E-05,0.814429715,
L.armatus,2,30,Tadpole,156,Demersal,Sandy Intertidal,Pectoral,4023,,,,,0.017614105,0.050525736,84.12913894,117.9004828,0.001570152,0.022595401,0.000284126,8.56E-05,9.65E-05,0.000228908,0.880106095,
L.armatus,2,40,Tadpole,156,Demersal,Sandy Intertidal,Pectoral,4023,,,,,0.016192435,0.040236103,125.855565,102.036665,0.015377871,0.027569595,0.000206919,3.55E-06,9.43E-06,3.95E-05,0.232681239,
L.armatus,2,50,Tadpole,156,Demersal,Sandy Intertidal,Pectoral,4023,,,,,0.01662566,0.050309625,66.5367618,104.4619469,0.00108722,0.024441102,0.000313031,0.000105316,9.71E-05,0.000313729,0.982002844,
L.armatus,2,60,Tadpole,156,Demersal,Sandy Intertidal,Pectoral,4023,,,,,0.015339095,0.04619416,70.91522658,105.604772,0.001570254,0.02154374,0.000272266,8.23E-05,7.61E-05,0.000255697,0.935941483,
L.armatus,2,70,Tadpole,156,Demersal,Sandy Intertidal,Pectoral,4023,,,,,0.015247907,0.046073092,74.27798386,115.4517855,0.001230543,0.02087649,0.000235148,7.67E-05,7.42E-05,0.000217151,0.934176484,
L.armatus,2,80,Tadpole,156,Demersal,Sandy Intertidal,Pectoral,4023,,,,,0.013885995,0.042594497,70.75737371,116.1504098,0.001015473,0.01997094,0.000193971,6.73E-05,6.70E-05,0.000175258,0.92714931,
L.armatus,2,90,Tadpole,156,Demersal,Sandy Intertidal,Pectoral,4023,,,,,0.013713363,0.037407555,79.97359303,104.7714307,0.000945095,0.017621831,0.00018204,5.59E-05,5.75E-05,0.000161265,0.919453437,
L.macrochirus,1,40,Fish,15,Benthopelagic,Nearshore Pelagic,Caudal,1570,0.027777778,,,,0.018827405,0.028734365,115.4130231,51.34813779,0.020321166,0.035110155,0.000242372,9.17E-06,5.87E-05,0.000138461,0.78401169,0.784011691
L.macrochirus,1,50,Fish,15,Benthopelagic,Nearshore Pelagic,Caudal,1570,0.034722222,,,,0.017592127,0.025614699,109.055492,42.66379902,0.021270987,0.033300801,0.000194554,9.88E-06,4.49E-05,0.000150721,0.956674864,0.956674864
L.macrochirus,1,60,Fish,15,Benthopelagic,Nearshore Pelagic,Caudal,1570,0.041666667,,,,0.019222423,0.027202442,125.7665986,34.50934325,0.018356308,0.035594128,0.000192519,9.92E-06,1.76E-05,0.000142602,0.791267975,0.791267975
L.macrochirus,1,70,Fish,15,Benthopelagic,Nearshore Pelagic,Caudal,1570,0.048611111,,,,0.01799415,0.025838147,119.0565477,36.01786802,0.018540847,0.036377427,0.000218316,1.08E-05,2.95E-05,0.000164616,0.847206985,0.847206985
L.macrochirus,1,80,Fish,15,Benthopelagic,Nearshore Pelagic,Caudal,1570,0.055555556,,,,0.017618222,0.025448862,119.4438667,38.93076259,0.018882692,0.034469905,0.000200875,8.88E-06,2.52E-05,0.000145596,0.814467605,0.814467605
L.macrochirus,1,90,Fish,15,Benthopelagic,Nearshore Pelagic,Caudal,1570,0.0625,,,,0.015168837,0.022388919,123.4696753,38.66947506,0.016893979,0.032253229,0.00018525,7.22E-06,2.45E-05,0.000138442,0.846629966,0.846629966
L.macrochirus,2,40,Fish,15,Benthopelagic,Nearshore Pelagic,Caudal,1732,0.027777778,,,,0.015733539,0.022804197,128.5563926,49.07089506,0.014003297,0.026833397,0.000127559,5.41E-06,6.53E-07,5.34E-06,0.045087697,0.045087697
L.macrochirus,2,50,Fish,15,Benthopelagic,Nearshore Pelagic,Caudal,1732,0.034722222,,,,0.01642302,0.024695597,125.5011976,52.12133862,0.014195921,0.030137338,0.00017941,1.04E-05,1.15E-05,2.07E-06,0.071411532,0.071411532
L.macrochirus,2,60,Fish,15,Benthopelagic,Nearshore Pelagic,Caudal,1732,0.041666667,,,,0.015786914,0.025051702,124.412492,63.56122386,0.015399178,0.0282119,0.000169251,1.09E-05,1.55E-05,2.34E-05,0.215941331,0.215941331
L.macrochirus,2,70,Fish,15,Benthopelagic,Nearshore Pelagic,Caudal,1732,0.048611111,,,,0.016416082,0.024910582,128.7696021,57.3979905,0.013695768,0.028958597,0.000169012,9.17E-06,2.81E-06,9.98E-06,0.071786,0.071786
L.macrochirus,2,80,Fish,15,Benthopelagic,Nearshore Pelagic,Caudal,1732,0.055555556,,,,0.015782422,0.023367096,119.4829726,51.26759085,0.014163207,0.028599623,0.000155994,9.50E-06,6.34E-06,9.72E-07,0.044175773,0.044175773
L.macrochirus,2,90,Fish,15,Benthopelagic,Nearshore Pelagic,Caudal,1732,0.0625,,,,0.012959842,0.019579448,130.9044389,48.81439657,0.012779635,0.025097319,0.000124791,5.39E-06,6.88E-07,3.61E-05,0.282960428,0.282960428
L.sagitta,1,20,Elongate,425,Benthopelagic,Sandy Subtidal,Pectoral,3433.2,0.023214273,0.518716759,-1583119.66,0.000571365,0.007521703,0.007547163,67.9770395,65.35211097,0.001737917,0.011411083,2.22E-05,2.09E-05,1.75E-05,1.56E-05,0.768707237,0.768707237
L.sagitta,1,30,Elongate,425,Benthopelagic,Sandy Subtidal,Pectoral,3433.2,0.022763537,0.474329668,-607806.5938,0.000582385,0.008277561,0.008291679,73.92918601,71.03678883,0.001910296,0.011298633,2.41E-05,2.27E-05,1.69E-05,1.90E-05,0.769877332,0.769877332
L.sagitta,1,40,Elongate,425,Benthopelagic,Sandy Subtidal,Pectoral,3433.2,0.022711979,0.429942578,367506.4725,0.000593404,0.008555966,0.00856537,71.41217308,67.99558685,0.002376791,0.012277873,2.70E-05,2.53E-05,1.85E-05,1.93E-05,0.721384635,0.721384635
L.sagitta,1,50,Elongate,425,Benthopelagic,Sandy Subtidal,Pectoral,3433.2,0.031335062,0.385555487,1342819.539,0.000604424,0.008895717,0.009027993,81.10761675,68.90086095,0.002228107,0.011740162,2.94E-05,2.31E-05,1.94E-05,1.99E-05,0.749059307,0.749059307
L.sagitta,1,60,Elongate,425,Benthopelagic,Sandy Subtidal,Pectoral,3433.2,0.038380157,0.341168397,2318132.605,0.000615443,0.009196772,0.009203885,73.04011325,76.6629112,0.00288705,0.011942808,2.64E-05,2.85E-05,1.54E-05,2.22E-05,0.685830208,0.685830208
L.sagitta,1,70,Elongate,425,Benthopelagic,Sandy Subtidal,Pectoral,3433.2,0.043430727,0.296781306,3293445.671,0.000626462,0.008571554,0.008573814,86.05622088,64.88896921,0.002342492,0.01127055,2.88E-05,1.95E-05,1.43E-05,2.09E-05,0.726747945,0.726747945
L.sagitta,1,80,Elongate,425,Benthopelagic,Sandy Subtidal,Pectoral,3433.2,0.051400769,0.252394216,4268758.738,0.000637482,0.00894792,0.00894792,74.30926268,68.62097353,0.002070848,0.012437376,2.93E-05,2.64E-05,2.09E-05,2.19E-05,0.768880208,0.768880208
L.sagitta,1,90,Elongate,425,Benthopelagic,Sandy Subtidal,Pectoral,3433.2,0.070146204,0.208007125,5244071.804,0.000648501,0.008334148,0.008335035,73.11082437,67.83882726,0.001653872,0.0118104,2.58E-05,2.34E-05,1.91E-05,2.06E-05,0.808426374,0.808426374
L.sagitta,2,20,Elongate,425,Benthopelagic,Sandy Subtidal,Pectoral,3434.277,0.023214273,0.518716759,-1583119.66,0.000571365,0.007264181,0.007276335,66.01413075,73.37501472,0.002156152,0.010405759,1.77E-05,2.02E-05,1.24E-05,1.42E-05,0.702684491,0.702684491
L.sagitta,2,30,Elongate,425,Benthopelagic,Sandy Subtidal,Pectoral,3434.277,0.022763537,0.474329668,-607806.5938,0.000582385,0.008251853,0.008269943,74.12553351,79.98512536,0.00228578,0.010382827,2.04E-05,2.25E-05,1.45E-05,1.66E-05,0.723687206,0.723687206
L.sagitta,2,40,Elongate,425,Benthopelagic,Sandy Subtidal,Pectoral,3434.277,0.022711979,0.429942578,367506.4725,0.000593404,0.008512867,0.008664378,73.39355718,82.18903238,0.002678029,0.010604942,2.15E-05,2.43E-05,1.54E-05,1.62E-05,0.689909777,0.689909777
L.sagitta,2,50,Elongate,425,Benthopelagic,Sandy Subtidal,Pectoral,3434.277,0.031335062,0.385555487,1342819.539,0.000604424,0.008789742,0.008904395,71.74262771,84.96565733,0.002740618,0.010896472,2.16E-05,2.67E-05,1.53E-05,1.81E-05,0.690737371,0.690737371
L.sagitta,2,60,Elongate,425,Benthopelagic,Sandy Subtidal,Pectoral,3434.277,0.038380157,0.341168397,2318132.605,0.000615443,0.008249146,0.008283209,71.89443075,76.36250184,0.002887911,0.010896859,2.18E-05,2.34E-05,1.47E-05,1.47E-05,0.650698027,0.650698027
L.sagitta,2,70,Elongate,425,Benthopelagic,Sandy Subtidal,Pectoral,3434.277,0.043430727,0.296781306,3293445.671,0.000626462,0.008235977,0.008304405,74.2487434,73.8855054,0.00279144,0.010883327,2.29E-05,2.24E-05,1.50E-05,1.50E-05,0.662652546,0.662652546
L.sagitta,2,80,Elongate,425,Benthopelagic,Sandy Subtidal,Pectoral,3434.277,0.051400769,0.252394216,4268758.738,0.000637482,0.007672414,0.007679586,70.21635502,73.41656032,0.001751072,0.010587493,1.98E-05,2.09E-05,1.66E-05,1.48E-05,0.771857318,0.771857318
L.sagitta,2,90,Elongate,425,Benthopelagic,Sandy Subtidal,Pectoral,3434.277,0.070146204,0.208007125,5244071.804,0.000648501,0.006878809,0.006879567,71.36957413,58.29141107,0.001991686,0.010939493,2.12E-05,1.64E-05,1.37E-05,1.30E-05,0.710683394,0.710683394
M.polyacanth,1,30,Tadpole,775,Demersal,Sandy Subtidal,Pectoral,2484.5,,,,,0.018573855,0.032592535,74.98440641,38.6211105,0.002434492,0.019148855,0.000228338,9.54E-05,0.000128154,0.00022375,1.086848993,1.086848993
M.polyacanth,1,40,Tadpole,775,Demersal,Sandy Subtidal,Pectoral,2484.5,0.0285633,,,,0.019352422,0.047139113,80.37435875,92.27072547,0.002839989,0.021513569,0.000318574,0.000110601,8.91E-05,0.000324684,0.964250114,0.964250114
M.polyacanth,1,50,Tadpole,775,Demersal,Sandy Subtidal,Pectoral,2484.5,0.03125385,,,,0.018640351,0.057763124,70.39595399,139.8769324,0.002461862,0.024548436,0.00021346,0.000123134,9.50E-05,0.00020967,0.905054589,0.905054589
M.polyacanth,1,60,Tadpole,775,Demersal,Sandy Subtidal,Pectoral,2484.5,0.04700778,,,,0.018486827,0.05667481,73.72473481,159.4798006,0.002316132,0.024069579,0.000109079,0.000113795,9.69E-05,9.06E-05,0.841264556,0.841264556
M.polyacanth,1,70,Tadpole,775,Demersal,Sandy Subtidal,Pectoral,2484.5,0.05947134,,,,0.017374871,0.052746671,78.44377935,148.5399063,0.002889824,0.021942932,0.000147299,9.23E-05,7.54E-05,0.000145497,0.921616393,0.921616393
M.polyacanth,1,80,Tadpole,775,Demersal,Sandy Subtidal,Pectoral,2484.5,0.06883186,,,,0.01532045,0.049103576,71.85134575,139.1456707,0.002631156,0.021291547,0.000163413,8.10E-05,6.50E-05,0.00015592,0.903903552,0.903903552
M.polyacanth,1,90,Tadpole,775,Demersal,Sandy Subtidal,Pectoral,2484.5,0.09159209,,,,0.014603254,0.045595705,68.47145618,130.307807,0.002250756,0.020305998,0.000162468,7.78E-05,5.16E-05,0.000193454,1.01963694,1.019636939
M.polyacanth,2,40,Tadpole,775,Demersal,Sandy Subtidal,Pectoral,2058,0.0285633,,,,0.013359944,0.036751111,129.0571944,92.79299586,0.015639567,0.025146871,0.000216656,7.43E-06,2.09E-05,2.37E-05,0.199205472,0.199205472
M.polyacanth,2,50,Tadpole,775,Demersal,Sandy Subtidal,Pectoral,2058,0.03125385,,,,0.016809713,0.044072725,103.9939993,112.2700991,0.017509956,0.029223625,0.000227447,1.43E-05,4.72E-05,1.77E-05,0.268710643,0.268710643
M.polyacanth,2,60,Tadpole,775,Demersal,Sandy Subtidal,Pectoral,2058,0.04700778,,,,0.015529841,0.042075406,171.8804864,113.9974715,0.018087221,0.02798742,0.000230409,2.30E-06,4.60E-05,6.94E-05,0.496027911,0.496027911
M.polyacanth,2,70,Tadpole,775,Demersal,Sandy Subtidal,Pectoral,2058,0.05947134,,,,0.01554605,0.041351941,126.0890854,107.2972574,0.016677715,0.027558486,0.000223664,1.06E-05,3.53E-05,3.11E-05,0.283524331,0.283524331
M.polyacanth,2,80,Tadpole,775,Demersal,Sandy Subtidal,Pectoral,2058,0.06883186,,,,0.013377095,0.040497828,120.3607924,111.4264078,0.013911457,0.026403996,0.000214628,7.88E-06,1.91E-05,3.04E-05,0.222291529,0.222291529
M.polyacanth,2,90,Tadpole,775,Demersal,Sandy Subtidal,Pectoral,2058,0.09159209,,,,0.013231019,0.037639907,120.2118188,108.2926311,0.014767227,0.024842759,0.000187559,7.71E-06,1.82E-05,1.20E-05,0.154352428,0.154352428
O.elong,1,20,Fusiform,475,Demersal,Rocky Subtidal,Caudal,3274,,,,,0.008470926,0.022765837,66.37208792,80.7606057,0.002408693,0.011259769,9.78E-05,2.12E-05,3.30E-05,4.43E-05,0.649897882,0.649897882
O.elong,1,30,Fusiform,475,Demersal,Rocky Subtidal,Caudal,3274,0.01313524,,,,0.011235135,0.034561064,69.17811679,124.13618,0.00284554,0.015088628,0.000107481,4.58E-05,3.33E-05,9.37E-05,0.828988327,0.828988326
O.elong,1,40,Fusiform,475,Demersal,Rocky Subtidal,Caudal,3274,0.0176104,,,,0.012378882,0.03307931,78.14818951,105.1076108,0.003258903,0.015002606,0.000136873,4.67E-05,3.79E-05,0.000111577,0.81433939,0.81433939
O.elong,1,50,Fusiform,475,Demersal,Rocky Subtidal,Caudal,3274,0.02228868,,,,0.01275056,0.031867951,81.73623439,98.77370453,0.00337044,0.014917346,0.000136324,4.69E-05,3.40E-05,0.000123096,0.857566202,0.857566202
O.elong,1,60,Fusiform,475,Demersal,Rocky Subtidal,Caudal,3274,0.03233806,,,,0.012384734,0.033923367,75.16543535,109.2764384,0.003201738,0.015366821,0.000131376,4.97E-05,3.58E-05,0.000120741,0.864828662,0.864828662
O.elong,1,70,Fusiform,475,Demersal,Rocky Subtidal,Caudal,3274,0.04053324,,,,0.011575617,0.032876716,74.54285634,107.8654211,0.003709734,0.015602261,0.000130321,4.40E-05,3.15E-05,0.000111765,0.822118994,0.822118994
O.elong,1,80,Fusiform,475,Demersal,Rocky Subtidal,Caudal,3274,0.04790183,,,,0.01071464,0.031287634,72.67878902,103.8462589,0.002597278,0.014520409,0.000127797,3.90E-05,3.33E-05,0.000106703,0.839190312,0.839190312
O.elong,1,90,Fusiform,475,Demersal,Rocky Subtidal,Caudal,3274,0.06169496,,,,0.010145366,0.031272844,72.1151223,111.9520196,0.003003483,0.014440646,0.000115101,3.53E-05,2.70E-05,9.55E-05,0.814080786,0.814080786
O.elong,2,20,Fusiform,475,Demersal,Rocky Subtidal,Caudal,1472,,,,,0.009075454,0.013200522,118.0072807,55.3130253,0.009716514,0.014203449,3.58E-05,2.92E-06,8.99E-06,2.19E-05,0.797818438,0.797818438
O.elong,2,30,Fusiform,475,Demersal,Rocky Subtidal,Caudal,1472,0.01313524,,,,0.011176187,0.015726052,118.031698,41.64870586,0.010072294,0.020415426,7.39E-05,7.96E-06,1.23E-05,2.59E-05,0.467214524,0.467214524
O.elong,2,40,Fusiform,475,Demersal,Rocky Subtidal,Caudal,1472,0.0176104,,,,0.011148157,0.015503953,128.676086,46.55856858,0.010334368,0.019674697,7.56E-05,8.19E-06,9.89E-06,7.10E-06,0.202761728,0.202761728
O.elong,2,50,Fusiform,475,Demersal,Rocky Subtidal,Caudal,1472,0.02228868,,,,0.012102641,0.017583273,126.9041036,51.89950919,0.011062063,0.021705703,9.99E-05,1.13E-05,2.17E-05,1.59E-05,0.338450358,0.338450358
O.elong,2,60,Fusiform,475,Demersal,Rocky Subtidal,Caudal,1472,0.03233806,,,,0.012468516,0.01838559,136.8290697,57.03915218,0.011049819,0.021339145,9.80E-05,8.43E-06,1.31E-05,1.62E-05,0.275199947,0.275199947
O.elong,2,70,Fusiform,475,Demersal,Rocky Subtidal,Caudal,1472,0.04053324,,,,0.012055177,0.017674158,134.7749169,56.79099693,0.01142957,0.020530705,9.28E-05,9.51E-06,1.37E-05,7.65E-06,0.208137347,0.208137347
O.elong,2,80,Fusiform,475,Demersal,Rocky Subtidal,Caudal,1472,0.04790183,,,,0.011159139,0.016802176,128.749199,56.60138151,0.010203371,0.020239308,8.75E-05,7.43E-06,3.75E-06,1.13E-05,0.158292876,0.158292876
O.elong,2,90,Fusiform,475,Demersal,Rocky Subtidal,Caudal,1472,0.06169496,,,,0.009819981,0.016275668,121.200116,59.87305168,0.010495354,0.019429148,8.57E-05,6.16E-06,9.92E-06,2.01E-05,0.326444047,0.326444047
P.chirus,1,20,Laterally compressed,12,Demersal,Nearshore,Anguiliform,4713.1,,,,,0.010872091,0.011032128,90.50526123,61.3759155,0.00218864,0.014566699,5.13E-05,2.93E-05,3.51E-05,2.94E-05,0.801173279,0.801173279
P.chirus,1,30,Laterally compressed,12,Demersal,Nearshore,Anguiliform,4713.1,,,,,0.010454248,0.010470735,64.92068055,79.02909313,0.001962106,0.014491896,3.31E-05,4.27E-05,2.72E-05,3.46E-05,0.814624889,0.814624889
P.chirus,1,40,Laterally compressed,12,Demersal,Nearshore,Anguiliform,4713.1,,,,,0.009837266,0.00984027,70.4550419,76.20110183,0.001388893,0.013151846,3.05E-05,3.42E-05,2.27E-05,3.29E-05,0.85900958,0.85900958
P.chirus,1,50,Laterally compressed,12,Demersal,Nearshore,Anguiliform,4713.1,,,,,0.009915822,0.009939084,65.72510228,91.30345715,0.002006948,0.012444684,2.39E-05,3.79E-05,2.13E-05,2.82E-05,0.801606011,0.801606011
P.chirus,1,60,Laterally compressed,12,Demersal,Nearshore,Anguiliform,4713.1,,,,,0.00977747,0.009782181,62.27465877,93.50538665,0.002657058,0.012609685,2.22E-05,3.95E-05,2.12E-05,2.37E-05,0.728686283,0.728686283
P.chirus,1,70,Laterally compressed,12,Demersal,Nearshore,Anguiliform,4713.1,,,,,0.008626828,0.008697444,59.42786268,83.59977796,0.001809849,0.012204916,2.06E-05,3.23E-05,1.62E-05,2.59E-05,0.795432421,0.795432421
P.chirus,1,80,Laterally compressed,12,Demersal,Nearshore,Anguiliform,4713.1,,,,,0.008007563,0.008052388,58.16186508,87.96759037,0.001890475,0.011346854,1.66E-05,2.88E-05,1.59E-05,1.89E-05,0.766010769,0.766010769
P.chirus,1,90,Laterally compressed,12,Demersal,Nearshore,Anguiliform,4713.1,,,,,0.00683641,0.007161539,62.6139338,69.10549229,0.001930311,0.010698826,1.86E-05,1.91E-05,1.52E-05,1.21E-05,0.726001383,0.726001383
P.chirus,2,20,Laterally compressed,12,Demersal,Nearshore,Anguiliform,4589,,,,,0.011878405,0.011878405,65.36568285,102.397936,0.001692811,0.014018305,2.83E-05,5.49E-05,3.70E-05,3.52E-05,0.866996881,0.866996881
P.chirus,2,30,Laterally compressed,12,Demersal,Nearshore,Anguiliform,4589,,,,,0.011078612,0.011088603,66.67778168,95.03198845,0.002672129,0.013477807,2.81E-05,4.66E-05,2.90E-05,2.81E-05,0.764535862,0.764535862
P.chirus,2,40,Laterally compressed,12,Demersal,Nearshore,Anguiliform,4589,,,,,0.01101538,0.011024143,60.65947937,108.3042451,0.002190931,0.013385628,2.18E-05,5.18E-05,2.67E-05,3.22E-05,0.801011778,0.801011778
P.chirus,2,50,Laterally compressed,12,Demersal,Nearshore,Anguiliform,4589,,,,,0.010318926,0.010319794,62.65111971,96.49243351,0.002750731,0.012953583,2.36E-05,4.32E-05,2.75E-05,2.15E-05,0.733523988,0.733523988
P.chirus,2,60,Laterally compressed,12,Demersal,Nearshore,Anguiliform,4589,,,,,0.010285488,0.010285589,73.00253841,85.58145358,0.002361101,0.012416394,2.81E-05,3.57E-05,2.85E-05,2.08E-05,0.771477607,0.771477607
P.chirus,2,70,Laterally compressed,12,Demersal,Nearshore,Anguiliform,4589,,,,,0.009091823,0.009106469,55.04898766,99.46715863,0.002593082,0.012484005,1.72E-05,3.96E-05,2.26E-05,1.81E-05,0.714101379,0.714101379
P.chirus,2,80,Laterally compressed,12,Demersal,Nearshore,Anguiliform,4589,,,,,0.008017945,0.008036333,51.58716945,85.60560434,0.001631231,0.012609135,1.74E-05,3.30E-05,2.09E-05,1.93E-05,0.797462011,0.797462011
P.chirus,2,90,Laterally compressed,12,Demersal,Nearshore,Anguiliform,4589,,,,,0.007767939,0.007769008,56.49951224,92.05799149,0.002099804,0.010888767,1.46E-05,2.76E-05,1.37E-05,1.71E-05,0.730408054,0.730408054
P.laeta,1,20,Laterally compressed,73,Demersal,Nearshore,Anguiliform,4389,0.021587116,0.160561739,138461.3653,0.000568277,0.010045486,0.010059326,61.91502761,103.3146535,0.001111871,0.01229092,1.99E-05,4.20E-05,2.63E-05,2.88E-05,0.890519421,0.890519421
P.laeta,1,30,Laterally compressed,73,Demersal,Nearshore,Anguiliform,4389,0.025238401,0.211247333,343402.5469,0.000551213,0.011082703,0.011101397,74.87387815,102.0035874,0.001066302,0.011668621,2.48E-05,4.00E-05,2.62E-05,3.25E-05,0.904892187,0.904892187
P.laeta,1,40,Laterally compressed,73,Demersal,Nearshore,Anguiliform,4389,0.040406705,0.261932928,548343.7284,0.00053415,0.01050952,0.010529642,62.22575692,99.63817782,0.00131765,0.013143251,2.34E-05,4.57E-05,2.97E-05,3.08E-05,0.875992839,0.875992839
P.laeta,1,50,Laterally compressed,73,Demersal,Nearshore,Anguiliform,4389,0.048563063,0.312618523,753284.9099,0.000517087,0.011099949,0.011133106,64.00866788,104.1795603,0.001465875,0.013189415,2.41E-05,4.93E-05,2.84E-05,3.54E-05,0.869361416,0.869361416
P.laeta,1,60,Laterally compressed,73,Demersal,Nearshore,Anguiliform,4389,0.053264908,0.363304117,958226.0914,0.000500023,0.011140278,0.011222841,63.12789221,105.4660178,0.00193249,0.013254461,2.39E-05,5.05E-05,3.26E-05,2.91E-05,0.829677422,0.829677422
P.laeta,1,70,Laterally compressed,73,Demersal,Nearshore,Anguiliform,4389,0.062129704,0.413989712,1163167.273,0.00048296,0.010754092,0.010876395,68.75840643,98.72882739,0.001623582,0.012407995,2.53E-05,4.18E-05,3.25E-05,2.47E-05,0.853007019,0.853007019
P.laeta,1,80,Laterally compressed,73,Demersal,Nearshore,Anguiliform,4389,0.082305932,0.464675307,1368108.454,0.000465897,0.009339016,0.009343486,62.32991316,98.84523928,0.00125769,0.011679566,1.87E-05,3.59E-05,2.42E-05,2.30E-05,0.865658665,0.865658665
P.laeta,1,90,Laterally compressed,73,Demersal,Nearshore,Anguiliform,4389,0.106424349,0.515360902,1573049.636,0.000448833,0.007990566,0.008135129,51.00369744,105.5115114,0.001213799,0.011287029,1.26E-05,3.35E-05,1.96E-05,2.02E-05,0.863585827,0.863585827
P.laeta,2,20,Laterally compressed,73,Demersal,Nearshore,Anguiliform,3548,0.021587116,0.160561739,138461.3653,0.000568277,0.009520543,0.009570739,58.17194514,95.4177256,0.001160787,0.01283068,2.08E-05,4.06E-05,2.40E-05,3.01E-05,0.880240803,0.880240803
P.laeta,2,30,Laterally compressed,73,Demersal,Nearshore,Anguiliform,3548,0.025238401,0.211247333,343402.5469,0.000551213,0.010127097,0.010127265,59.54916159,115.1325976,0.001640361,0.011956878,1.62E-05,4.43E-05,2.09E-05,2.98E-05,0.838157507,0.838157507
P.laeta,2,40,Laterally compressed,73,Demersal,Nearshore,Anguiliform,3548,0.040406705,0.261932928,548343.7284,0.00053415,0.009512256,0.009514637,53.6391595,118.6480492,0.00190622,0.012219498,1.34E-05,4.46E-05,2.31E-05,2.34E-05,0.801381801,0.801381801
P.laeta,2,50,Laterally compressed,73,Demersal,Nearshore,Anguiliform,3548,0.048563063,0.312618523,753284.9099,0.000517087,0.009883098,0.009889995,53.77180427,118.5098351,0.00180415,0.012632395,1.45E-05,4.78E-05,2.33E-05,2.76E-05,0.817645588,0.817645588
P.laeta,2,60,Laterally compressed,73,Demersal,Nearshore,Anguiliform,3548,0.053264908,0.363304117,958226.0914,0.000500023,0.009684953,0.009685535,54.51833646,110.8770577,0.001474848,0.012726369,1.61E-05,4.55E-05,2.47E-05,2.76E-05,0.847987534,0.847987534
P.laeta,2,70,Laterally compressed,73,Demersal,Nearshore,Anguiliform,3548,0.062129704,0.413989712,1163167.273,0.00048296,0.008965643,0.00896565,58.15365216,91.18349707,0.000917742,0.012443643,1.97E-05,3.61E-05,2.26E-05,2.75E-05,0.897599947,0.897599947
P.laeta,2,80,Laterally compressed,73,Demersal,Nearshore,Anguiliform,3548,0.082305932,0.464675307,1368108.454,0.000465897,0.00746748,0.007470982,47.15663862,111.3190224,0.002119504,0.011081879,9.49E-06,3.18E-05,1.55E-05,1.40E-05,0.715785343,0.715785343
P.laeta,2,90,Laterally compressed,73,Demersal,Nearshore,Anguiliform,3548,0.106424349,0.515360902,1573049.636,0.000448833,0.005946594,0.005959898,41.69338143,100.2403225,0.001510931,0.010213623,7.19E-06,2.32E-05,1.39E-05,8.84E-06,0.747880087,0.747880087
P.laeta,3,20,Laterally compressed,73,Demersal,Nearshore,Anguiliform,4132.8,0.021587116,0.160561739,138461.3653,0.000568277,0.009702616,0.009947389,69.1689906,92.92482812,0.001848988,0.011594138,2.35E-05,3.39E-05,2.17E-05,2.54E-05,0.820766322,0.820766322
P.laeta,3,30,Laterally compressed,73,Demersal,Nearshore,Anguiliform,4132.8,0.025238401,0.211247333,343402.5469,0.000551213,0.00938814,0.009454232,67.67756934,96.28410106,0.001708473,0.011163864,2.00E-05,3.27E-05,1.99E-05,2.34E-05,0.821491921,0.821491921
P.laeta,3,40,Laterally compressed,73,Demersal,Nearshore,Anguiliform,4132.8,0.040406705,0.261932928,548343.7284,0.00053415,0.010388965,0.010394631,65.2074405,106.3685479,0.001706155,0.011948754,2.02E-05,4.17E-05,2.50E-05,2.67E-05,0.835934025,0.835934025
P.laeta,3,50,Laterally compressed,73,Demersal,Nearshore,Anguiliform,4132.8,0.048563063,0.312618523,753284.9099,0.000517087,0.010451827,0.010455214,66.50779209,93.90213032,0.001614402,0.012831576,2.55E-05,4.14E-05,2.87E-05,2.79E-05,0.846154881,0.846154881
P.laeta,3,60,Laterally compressed,73,Demersal,Nearshore,Anguiliform,4132.8,0.053264908,0.363304117,958226.0914,0.000500023,0.010346496,0.010346496,65.86604038,99.53221393,0.001422764,0.012268004,2.24E-05,4.11E-05,2.30E-05,3.17E-05,0.862491309,0.862491309
P.laeta,3,70,Laterally compressed,73,Demersal,Nearshore,Anguiliform,4132.8,0.062129704,0.413989712,1163167.273,0.00048296,0.009619381,0.009634287,65.606898,93.93253774,0.001517457,0.011828307,2.14E-05,3.55E-05,2.05E-05,2.75E-05,0.843394206,0.843394206
P.laeta,3,80,Laterally compressed,73,Demersal,Nearshore,Anguiliform,4132.8,0.082305932,0.464675307,1368108.454,0.000465897,0.00915137,0.009234914,60.59878959,104.0338141,0.001493977,0.01106323,1.60E-05,3.50E-05,1.64E-05,2.66E-05,0.843652787,0.843652787
P.laeta,3,90,Laterally compressed,73,Demersal,Nearshore,Anguiliform,4132.8,0.106424349,0.515360902,1573049.636,0.000448833,0.007055564,0.007742137,57.6758681,89.00872338,0.001511277,0.01001089,1.41E-05,2.26E-05,1.19E-05,1.84E-05,0.825557617,0.825557617
P.ornata,1,20,Laterally compressed,50,Demersal,Nearshore,Anguiliform,4222.2,0.02287905,,,,0.009211915,0.009494574,63.57463676,87.20177798,0.002323066,0.012291889,2.37E-05,3.42E-05,2.15E-05,2.22E-05,0.754150918,0.754150918
P.ornata,1,30,Laterally compressed,50,Demersal,Nearshore,Anguiliform,4222.2,0.024313113,,,,0.009665183,0.009779187,69.48086577,96.84516575,0.002017711,0.011205936,2.12E-05,3.37E-05,2.26E-05,2.09E-05,0.79360193,0.79360193
P.ornata,1,40,Laterally compressed,50,Demersal,Nearshore,Anguiliform,4222.2,0.027364563,,,,0.009820249,0.009857469,66.37383901,96.29400097,0.002295022,0.011820049,2.17E-05,3.67E-05,2.20E-05,2.28E-05,0.767127421,0.767127421
P.ornata,1,50,Laterally compressed,50,Demersal,Nearshore,Anguiliform,4222.2,0.036541754,,,,0.009589614,0.009604555,65.1199799,88.00076436,0.002461883,0.01243925,2.34E-05,3.59E-05,2.11E-05,2.30E-05,0.743625159,0.743625159
P.ornata,1,60,Laterally compressed,50,Demersal,Nearshore,Anguiliform,4222.2,0.045576938,,,,0.009885536,0.009918828,65.74398072,96.36907989,0.002221259,0.012071517,2.20E-05,3.77E-05,2.32E-05,2.31E-05,0.77632254,0.77632254
P.ornata,1,70,Laterally compressed,50,Demersal,Nearshore,Anguiliform,4222.2,0.063582949,,,,0.009053342,0.009086709,69.02747213,79.93990794,0.003182365,0.01197358,2.46E-05,2.97E-05,1.98E-05,1.55E-05,0.649881767,0.649881767
P.ornata,1,80,Laterally compressed,50,Demersal,Nearshore,Anguiliform,4222.2,0.078457237,,,,0.007019515,0.007034122,61.88753089,72.12860215,0.001887701,0.010651561,1.70E-05,2.05E-05,1.51E-05,1.23E-05,0.731834257,0.731834257
P.ornata,1,90,Laterally compressed,50,Demersal,Nearshore,Anguiliform,4222.2,0.093757721,,,,0.008903835,0.008935274,82.11349474,118.5757539,0.00158685,0.006781301,8.39E-06,2.20E-05,2.02E-05,4.39E-06,0.80772142,0.80772142
P.ornata,2,20,Laterally compressed,50,Demersal,Nearshore,Anguiliform,2928,0.02287905,,,,0.008716354,0.028680796,59.3995194,133.7492167,0.002028489,0.012470399,5.56E-05,3.33E-05,2.02E-05,5.19E-05,0.810892253,0.810892253
P.ornata,2,30,Laterally compressed,50,Demersal,Nearshore,Anguiliform,2928,0.024313113,,,,0.009599265,0.027624661,64.99297552,117.0303449,0.002635029,0.01238647,6.76E-05,3.61E-05,1.85E-05,7.74E-05,0.924748639,0.924748639
P.ornata,2,40,Laterally compressed,50,Demersal,Nearshore,Anguiliform,2928,0.027364563,,,,0.009713826,0.027044656,66.0212491,104.057362,0.003022619,0.012679156,8.10E-05,3.63E-05,1.99E-05,9.16E-05,0.950335638,0.950335638
P.ornata,2,50,Laterally compressed,50,Demersal,Nearshore,Anguiliform,2928,0.036541754,,,,0.010249838,0.027301636,61.654636,97.33964887,0.003272291,0.013157007,7.92E-05,4.39E-05,1.81E-05,0.000116783,1.096348852,1.096348852
P.ornata,2,60,Laterally compressed,50,Demersal,Nearshore,Anguiliform,2928,0.045576938,,,,0.001670833,0.002871521,12.29890699,9.665049134,0.010223449,0.009842541,2.28E-05,3.60E-06,7.31E-06,3.52E-05,1.610223016,1.610223015
P.ornata,2,70,Laterally compressed,50,Demersal,Nearshore,Anguiliform,2928,0.063582949,,,,0.008712487,0.025378199,56.95407922,97.72083074,0.002958202,0.01248198,7.09E-05,3.49E-05,1.62E-05,9.66E-05,1.066168407,1.066168407
P.ornata,2,80,Laterally compressed,50,Demersal,Nearshore,Anguiliform,2928,0.078457237,,,,0.001480078,0.002431665,14.04137681,9.428860915,0.008994371,0.008717594,1.67E-05,2.91E-06,4.25E-06,2.70E-05,1.591421682,1.591421682
P.ornata,2,90,Laterally compressed,50,Demersal,Nearshore,Anguiliform,2928,0.093757721,,,,0.005736897,0.021042891,47.54189358,110.3058855,0.001943135,0.010260116,4.26E-05,1.87E-05,1.09E-05,4.84E-05,0.968226635,0.968226635
P.ornata,3,20,Laterally compressed,50,Demersal,Nearshore,Anguiliform,3373,0.02287905,,,,0.011211458,0.022649998,119.9117511,79.64978723,0.010999233,0.016277092,6.65E-05,4.97E-06,1.83E-05,4.22E-05,0.847020899,0.847020899
P.ornata,3,30,Laterally compressed,50,Demersal,Nearshore,Anguiliform,3373,0.024313113,,,,0.011510512,0.023167562,119.1755707,72.68479735,0.010643262,0.016914893,7.30E-05,5.84E-06,1.86E-05,5.68E-05,0.956646487,0.956646487
P.ornata,3,40,Laterally compressed,50,Demersal,Nearshore,Anguiliform,3373,0.027364563,,,,0.01073224,0.021944189,113.8676711,75.30911505,0.010618651,0.015789678,6.91E-05,6.95E-06,2.43E-05,4.34E-05,0.890230227,0.890230227
P.ornata,3,50,Laterally compressed,50,Demersal,Nearshore,Anguiliform,3373,0.036541754,,,,0.011937982,0.022976159,122.7544228,76.40298639,0.011618069,0.016615008,6.71E-05,5.51E-06,2.40E-05,5.30E-05,1.060689797,1.060689797
P.ornata,3,60,Laterally compressed,50,Demersal,Nearshore,Anguiliform,3373,0.045576938,,,,0.010196938,0.022857244,111.7020443,99.21080256,0.010547802,0.015633385,6.46E-05,6.17E-06,1.96E-05,2.26E-05,0.596841442,0.596841442
P.ornata,3,70,Laterally compressed,50,Demersal,Nearshore,Anguiliform,3373,0.063582949,,,,0.00968021,0.021323703,128.448494,103.6601405,0.010688799,0.014566099,5.46E-05,4.44E-06,1.57E-05,1.32E-05,0.490663671,0.490663671
P.ornata,3,80,Laterally compressed,50,Demersal,Nearshore,Anguiliform,3373,0.078457237,,,,0.010031094,0.021130109,112.7575484,100.2409841,0.010567183,0.014532349,5.16E-05,5.49E-06,1.88E-05,1.84E-05,0.652332877,0.652332877
P.ornata,3,90,Laterally compressed,50,Demersal,Nearshore,Anguiliform,3373,0.093757721,,,,0.008333431,0.01893279,111.8429198,112.8250831,0.008293042,0.012758803,3.80E-05,3.82E-06,1.17E-05,1.01E-06,0.302741835,0.302741835
R.jordani,1,20,Fusiform,275,Demersal,Rocky Subtidal,Pectoral,3815,0.008922912,0.534812069,-181263.1976,0.000733028,0.01219858,0.012199453,78.32214352,69.24681966,0.001871099,0.016262931,5.35E-05,4.56E-05,4.28E-05,4.12E-05,0.848350918,0.848350918
R.jordani,1,30,Fusiform,275,Demersal,Rocky Subtidal,Pectoral,3815,0.007766924,0.507121883,-81995.37699,0.000701124,0.012300983,0.012311152,64.50352185,61.34101258,0.002154653,0.02000823,6.37E-05,5.95E-05,5.53E-05,4.64E-05,0.825363971,0.825363971
R.jordani,1,40,Fusiform,275,Demersal,Rocky Subtidal,Pectoral,3815,0.008448038,0.479431697,17272.44363,0.000669219,0.013054591,0.013061596,71.57332623,61.68285711,0.001591088,0.019947129,7.12E-05,5.91E-05,5.32E-05,6.12E-05,0.87843802,0.87843802
R.jordani,1,50,Fusiform,275,Demersal,Rocky Subtidal,Pectoral,3815,0.010453962,0.451741511,116540.2642,0.000637315,0.013513806,0.013515188,70.43156199,71.19824786,0.001012233,0.018977056,6.37E-05,6.46E-05,5.48E-05,6.39E-05,0.925248353,0.925248353
R.jordani,1,60,Fusiform,275,Demersal,Rocky Subtidal,Pectoral,3815,0.01503903,0.424051325,215808.0849,0.000605411,0.013341739,0.013360944,72.50045494,67.28095322,0.000639581,0.019110893,6.70E-05,6.06E-05,5.82E-05,6.34E-05,0.952102415,0.952102415
R.jordani,1,70,Fusiform,275,Demersal,Rocky Subtidal,Pectoral,3815,0.024494244,0.396361139,315075.9055,0.000573507,0.010453473,0.010453473,68.22018769,53.23003918,0.001507224,0.018107491,5.45E-05,4.02E-05,3.55E-05,4.55E-05,0.855935918,0.855935918
R.jordani,1,80,Fusiform,275,Demersal,Rocky Subtidal,Pectoral,3815,0.036741253,0.368670953,414343.7261,0.000541602,0.010461934,0.010465146,66.40853589,57.80994844,0.001232974,0.01739998,4.95E-05,4.15E-05,3.35E-05,4.69E-05,0.882529062,0.882529062
R.jordani,1,90,Fusiform,275,Demersal,Rocky Subtidal,Pectoral,3815,0.052580471,0.340980766,513611.5467,0.000509698,0.009522682,0.009524836,61.93198483,58.99073808,0.00115873,0.016305941,3.99E-05,3.77E-05,2.91E-05,3.91E-05,0.878547992,0.878547992
R.jordani,2,20,Fusiform,275,Demersal,Rocky Subtidal,Pectoral,3664,0.008922912,0.534812069,-181263.1976,0.000733028,0.011965644,0.011998955,59.91941977,65.39055248,0.001694924,0.019689873,5.57E-05,6.21E-05,4.74E-05,5.37E-05,0.858421294,0.858421294
R.jordani,2,30,Fusiform,275,Demersal,Rocky Subtidal,Pectoral,3664,0.007766924,0.507121883,-81995.37699,0.000701124,0.013695149,0.014071988,61.05026576,75.9924413,0.001005205,0.020452457,6.11E-05,7.81E-05,6.76E-05,6.16E-05,0.928484746,0.928484746
R.jordani,2,40,Fusiform,275,Demersal,Rocky Subtidal,Pectoral,3664,0.008448038,0.479431697,17272.44363,0.000669219,0.014069346,0.014138194,63.04538288,75.28492738,0.001088211,0.020579686,6.48E-05,8.04E-05,6.36E-05,7.06E-05,0.924345919,0.924345919
R.jordani,2,50,Fusiform,275,Demersal,Rocky Subtidal,Pectoral,3664,0.010453962,0.451741511,116540.2642,0.000637315,0.014268627,0.014336008,64.49277815,73.86699463,0.001416124,0.020781445,6.83E-05,8.02E-05,6.10E-05,7.29E-05,0.901163918,0.901163918
R.jordani,2,60,Fusiform,275,Demersal,Rocky Subtidal,Pectoral,3664,0.01503903,0.424051325,215808.0849,0.000605411,0.015159603,0.015191811,70.96212272,72.22991972,0.00111779,0.020809877,7.78E-05,8.04E-05,6.76E-05,7.91E-05,0.926899949,0.926899949
R.jordani,2,70,Fusiform,275,Demersal,Rocky Subtidal,Pectoral,3664,0.024494244,0.396361139,315075.9055,0.000573507,0.013169477,0.013385517,61.75499038,75.0929094,0.001648472,0.019531666,5.83E-05,7.08E-05,4.84E-05,6.47E-05,0.876871813,0.876871813
R.jordani,2,80,Fusiform,275,Demersal,Rocky Subtidal,Pectoral,3664,0.036741253,0.368670953,414343.7261,0.000541602,0.012661741,0.012700524,66.49199244,68.43573895,0.001058952,0.018735303,5.80E-05,6.11E-05,4.63E-05,6.32E-05,0.919287986,0.919287986
R.jordani,2,90,Fusiform,275,Demersal,Rocky Subtidal,Pectoral,3664,0.052580471,0.340980766,513611.5467,0.000509698,0.010067873,0.010083824,66.49964588,56.78838073,0.000980658,0.01688393,4.64E-05,3.86E-05,4.33E-05,3.34E-05,0.902397571,0.902397571
X.atropurpureus,1,20,Eel like,12,Demersal,Rocky Interdital,Anguiliform,3480.3,,,,,0.011094008,0.011863842,70.54318582,81.4801605,0.003710072,0.014375551,3.92E-05,4.35E-05,2.15E-05,3.55E-05,0.690323327,0.690323327
X.atropurpureus,1,30,Eel like,12,Demersal,Rocky Interdital,Anguiliform,3480.3,,,,,0.01052493,0.01068658,67.2539648,79.54742747,0.00264345,0.014126517,3.37E-05,4.14E-05,2.49E-05,3.20E-05,0.757121553,0.757121553
X.atropurpureus,1,40,Eel like,12,Demersal,Rocky Interdital,Anguiliform,3480.3,,,,,0.009150261,0.009151863,76.62801374,66.26493416,0.004146906,0.012773051,3.19E-05,2.65E-05,1.39E-05,1.81E-05,0.546799456,0.546799456
X.atropurpureus,1,50,Eel like,12,Demersal,Rocky Interdital,Anguiliform,3480.3,,,,,0.009281936,0.009291672,65.18077435,74.58581596,0.003777274,0.013266098,2.83E-05,3.33E-05,1.61E-05,2.09E-05,0.600272473,0.600272473
X.atropurpureus,1,60,Eel like,12,Demersal,Rocky Interdital,Anguiliform,3480.3,,,,,0.009408624,0.009416371,71.05582005,72.89670244,0.003915605,0.012921569,2.99E-05,3.10E-05,1.66E-05,1.89E-05,0.583814095,0.583814095
X.atropurpureus,1,70,Eel like,12,Demersal,Rocky Interdital,Anguiliform,3480.3,,,,,0.008703986,0.008740718,73.42807538,74.57273603,0.00339033,0.01152604,2.51E-05,2.52E-05,1.45E-05,1.64E-05,0.613165933,0.613165933
X.atropurpureus,1,80,Eel like,12,Demersal,Rocky Interdital,Anguiliform,3480.3,,,,,0.008418814,0.008418814,72.5515269,71.18245238,0.003474018,0.011511196,2.45E-05,2.40E-05,9.52E-06,1.90E-05,0.588726728,0.588726728
X.atropurpureus,1,90,Eel like,12,Demersal,Rocky Interdital,Anguiliform,3480.3,,,,,0.006614732,0.006615065,71.74314335,63.44286477,0.001344712,0.009898302,1.77E-05,1.51E-05,1.40E-05,1.21E-05,0.796735034,0.796735034
X.atropurpureus,2,20,Eel like,12,Demersal,Rocky Interdital,Anguiliform,4320,,,,,0.01181966,0.01182992,59.31691447,85.66423448,0.001106481,0.016699528,3.75E-05,6.13E-05,3.98E-05,4.98E-05,0.906944425,0.906944425
X.atropurpureus,2,30,Eel like,12,Demersal,Rocky Interdital,Anguiliform,4320,,,,,0.012192546,0.012218385,59.23641822,82.86670369,0.001587963,0.017629849,4.21E-05,6.52E-05,4.50E-05,4.83E-05,0.86987284,0.86987284
X.atropurpureus,2,40,Eel like,12,Demersal,Rocky Interdital,Anguiliform,4320,,,,,0.012169769,0.012200172,60.05925744,86.39712819,0.001402197,0.016990405,3.96E-05,6.40E-05,4.68E-05,4.49E-05,0.885288577,0.885288577
X.atropurpureus,2,50,Eel like,12,Demersal,Rocky Interdital,Anguiliform,4320,,,,,0.012111642,0.012112173,65.34205059,87.36139532,0.001488455,0.015784725,3.84E-05,5.72E-05,4.01E-05,4.37E-05,0.877111044,0.877111044
X.atropurpureus,2,60,Eel like,12,Demersal,Rocky Interdital,Anguiliform,4320,,,,,0.011483849,0.011483889,59.30647471,89.16133526,0.001564257,0.015893205,3.34E-05,5.78E-05,3.65E-05,4.23E-05,0.864636328,0.864636328
X.atropurpureus,2,70,Eel like,12,Demersal,Rocky Interdital,Anguiliform,4320,,,,,0.011460093,0.011464165,61.03141133,89.61339846,0.001957601,0.015425926,3.27E-05,5.56E-05,3.18E-05,4.15E-05,0.829351895,0.829351895
X.atropurpureus,2,80,Eel like,12,Demersal,Rocky Interdital,Anguiliform,4320,,,,,0.009576048,0.009578007,56.59884796,80.48007593,0.00200609,0.014540107,2.70E-05,4.26E-05,2.88E-05,2.63E-05,0.792339049,0.792339049
X.atropurpureus,2,90,Eel like,12,Demersal,Rocky Interdital,Anguiliform,4320,,,,,0.008357344,0.008398755,55.35856358,78.73575476,0.001432287,0.013035052,2.14E-05,3.33E-05,2.46E-05,2.07E-05,0.829483638,0.829483638
X.atropurpureus,4,20,Eel like,12,Demersal,Rocky Interdital,Anguiliform,4011,,,,,0.009112459,0.00925053,51.9498805,77.36957725,0.001402204,0.015057765,2.66E-05,4.20E-05,2.93E-05,2.90E-05,0.84981043,0.84981043
X.atropurpureus,4,30,Eel like,12,Demersal,Rocky Interdital,Anguiliform,4011,,,,,0.009868072,0.009891707,56.38604373,90.28023816,0.001348818,0.014113968,2.43E-05,4.54E-05,2.83E-05,3.19E-05,0.864268255,0.864268255
X.atropurpureus,4,40,Eel like,12,Demersal,Rocky Interdital,Anguiliform,4011,,,,,0.009300074,0.009301342,56.2146983,82.46843228,0.00161805,0.013978081,2.46E-05,4.03E-05,2.52E-05,2.85E-05,0.826342706,0.826342706
X.atropurpureus,4,50,Eel like,12,Demersal,Rocky Interdital,Anguiliform,4011,,,,,0.009231421,0.00924083,68.05681624,76.97636393,0.000695587,0.012623328,2.66E-05,3.15E-05,2.46E-05,2.92E-05,0.924546561,0.924546561
X.atropurpureus,4,60,Eel like,12,Demersal,Rocky Interdital,Anguiliform,4011,,,,,0.009224781,0.009224929,59.84637215,87.11477218,0.001523311,0.012827249,2.23E-05,3.69E-05,2.08E-05,2.86E-05,0.834870227,0.834870227
X.atropurpureus,4,70,Eel like,12,Demersal,Rocky Interdital,Anguiliform,4011,,,,,0.008590152,0.008593913,58.84621162,90.98219126,0.001166791,0.011732821,1.80E-05,3.24E-05,1.77E-05,2.58E-05,0.864215555,0.864215555
X.atropurpureus,4,80,Eel like,12,Demersal,Rocky Interdital,Anguiliform,4011,,,,,0.007132536,0.00714854,52.6293451,86.91887813,0.001202357,0.010945501,1.33E-05,2.55E-05,1.62E-05,1.61E-05,0.833831727,0.833831727
X.atropurpureus,4,90,Eel like,12,Demersal,Rocky Interdital,Anguiliform,4011,,,,,0.006186547,0.006217354,53.62106487,85.55732187,0.000876002,0.009464105,1.04E-05,1.88E-05,1.21E-05,1.30E-05,0.859232501,0.859232501
X.mucosus,1,20,Eel like,18,Demersal,Rocky Interdital,Anguiliform,4489.9,0.022781191,0.186539311,-210252.6093,0.000568574,0.009509835,0.009702633,75.54804093,58.31167713,0.001310942,0.014506185,4.15E-05,2.87E-05,2.45E-05,3.61E-05,0.863630161,0.863630161
X.mucosus,1,30,Eel like,18,Demersal,Rocky Interdital,Anguiliform,4489.9,0.03068944,0.188797952,-10206.49735,0.000599816,0.008820797,0.008870734,70.68130133,60.30850686,0.002512305,0.013748675,3.37E-05,2.74E-05,2.19E-05,2.21E-05,0.719520984,0.719520984
X.mucosus,1,40,Eel like,18,Demersal,Rocky Interdital,Anguiliform,4489.9,0.041154673,0.191056593,189839.6146,0.000631057,0.009158551,0.009184367,62.50381105,74.87520139,0.002904242,0.013512485,2.75E-05,3.45E-05,2.44E-05,1.81E-05,0.683737785,0.683737785
X.mucosus,1,50,Eel like,18,Demersal,Rocky Interdital,Anguiliform,4489.9,0.051974657,0.193315234,389885.7265,0.000662298,0.009667848,0.009728371,74.70248972,73.33106878,0.003279162,0.012823152,3.18E-05,3.06E-05,2.17E-05,1.96E-05,0.662443327,0.662443327
X.mucosus,1,60,Eel like,18,Demersal,Rocky Interdital,Anguiliform,4489.9,0.055969471,0.195573875,589931.8385,0.00069354,0.009590768,0.009660721,73.48781799,81.77790142,0.003235588,0.011891225,2.69E-05,3.05E-05,1.78E-05,2.04E-05,0.665114091,0.665114091
X.mucosus,1,70,Eel like,18,Demersal,Rocky Interdital,Anguiliform,4489.9,0.068609514,0.197832516,789977.9504,0.000724781,0.009211663,0.009255919,70.31736469,79.15669563,0.002383127,0.012102513,2.59E-05,3.01E-05,2.10E-05,2.07E-05,0.744128376,0.744128376
X.mucosus,1,80,Eel like,18,Demersal,Rocky Interdital,Anguiliform,4489.9,0.081441479,0.200091157,990024.0623,0.000756022,0.007845757,0.008023868,64.78561397,70.03124631,0.002682326,0.011723775,2.26E-05,2.41E-05,1.35E-05,1.76E-05,0.667378764,0.667378764
X.mucosus,1,90,Eel like,18,Demersal,Rocky Interdital,Anguiliform,4489.9,0.101670868,0.202349797,1190070.174,0.000787264,0.0061074,0.006180195,59.17418516,79.19792049,0.000947027,0.009043943,1.15E-05,1.64E-05,1.03E-05,1.34E-05,0.848885391,0.848885391
X.mucosus,2,20,Eel like,18,Demersal,Rocky Interdital,Anguiliform,4450,0.022781191,0.186539311,-210252.6093,0.000568574,0.010357733,0.010381563,65.03895742,77.4393355,0.001137079,0.014193623,3.24E-05,4.13E-05,4.22E-05,2.33E-05,0.890315076,0.890315076
X.mucosus,2,30,Eel like,18,Demersal,Rocky Interdital,Anguiliform,4450,0.03068944,0.188797952,-10206.49735,0.000599816,0.008486108,0.00848621,64.86874563,66.13076398,0.001594519,0.013131402,2.76E-05,2.81E-05,2.33E-05,2.20E-05,0.814943451,0.814943451
X.mucosus,2,40,Eel like,18,Demersal,Rocky Interdital,Anguiliform,4450,0.041154673,0.191056593,189839.6146,0.000631057,0.009825259,0.009907156,65.4385081,84.35712087,0.002006364,0.013091456,2.69E-05,3.75E-05,2.44E-05,2.70E-05,0.797245312,0.797245312
X.mucosus,2,50,Eel like,18,Demersal,Rocky Interdital,Anguiliform,4450,0.051974657,0.193315234,389885.7265,0.000662298,0.01053628,0.010548409,74.96359254,92.84278947,0.002101124,0.011876323,2.63E-05,3.61E-05,2.58E-05,2.41E-05,0.800107118,0.800107118
X.mucosus,2,60,Eel like,18,Demersal,Rocky Interdital,Anguiliform,4450,0.055969471,0.195573875,589931.8385,0.00069354,0.009377609,0.009445153,68.71341196,104.5543355,0.001516854,0.010467951,1.71E-05,3.14E-05,2.01E-05,2.06E-05,0.838216497,0.838216497
X.mucosus,2,70,Eel like,18,Demersal,Rocky Interdital,Anguiliform,4450,0.068609514,0.197832516,789977.9504,0.000724781,0.008974511,0.009004838,65.36164998,103.0449573,0.00198534,0.010564959,1.59E-05,3.13E-05,1.91E-05,1.77E-05,0.778639511,0.778639511
X.mucosus,2,80,Eel like,18,Demersal,Rocky Interdital,Anguiliform,4450,0.081441479,0.200091157,990024.0623,0.000756022,0.007610702,0.007686643,55.60584812,87.6881475,0.001230207,0.011124431,1.49E-05,2.75E-05,2.05E-05,1.51E-05,0.840970594,0.840970594
X.mucosus,2,90,Eel like,18,Demersal,Rocky Interdital,Anguiliform,4450,0.101670868,0.202349797,1190070.174,0.000787264,0.00702419,0.007101654,62.90029737,85.65133179,0.001748193,0.00953147,1.36E-05,2.02E-05,1.27E-05,1.28E-05,0.753552665,0.753552665
X.mucosus,6,20,Eel like,18,Demersal,Rocky Interdital,Anguiliform,3920,0.022781191,0.186539311,-210252.6093,0.000568574,0.00882935,0.008829552,63.9123916,76.36486527,0.001131969,0.012631654,2.46E-05,3.12E-05,2.17E-05,2.70E-05,0.873927765,0.873927765
X.mucosus,6,30,Eel like,18,Demersal,Rocky Interdital,Anguiliform,3920,0.03068944,0.188797952,-10206.49735,0.000599816,0.008140378,0.008143059,59.04433428,74.57377097,0.001181527,0.012522704,2.18E-05,2.92E-05,2.30E-05,2.05E-05,0.855468368,0.855468368
X.mucosus,6,40,Eel like,18,Demersal,Rocky Interdital,Anguiliform,3920,0.041154673,0.191056593,189839.6146,0.000631057,0.008494752,0.008504184,61.58381846,84.29247799,0.001331928,0.011808781,2.00E-05,3.03E-05,2.27E-05,1.97E-05,0.843538935,0.843538935
X.mucosus,6,50,Eel like,18,Demersal,Rocky Interdital,Anguiliform,3920,0.051974657,0.193315234,389885.7265,0.000662298,0.009148206,0.009155831,71.04946672,88.30232663,0.000946924,0.011075402,2.15E-05,2.92E-05,2.07E-05,2.48E-05,0.896740588,0.896740588
X.mucosus,6,60,Eel like,18,Demersal,Rocky Interdital,Anguiliform,3920,0.055969471,0.195573875,589931.8385,0.00069354,0.008699523,0.008707733,68.36668065,84.19761778,0.001165816,0.011138246,2.07E-05,2.78E-05,1.76E-05,2.44E-05,0.866154314,0.866154314
X.mucosus,6,70,Eel like,18,Demersal,Rocky Interdital,Anguiliform,3920,0.068609514,0.197832516,789977.9504,0.000724781,0.007988413,0.00801026,64.70010052,82.81744327,0.001038265,0.010833553,1.81E-05,2.52E-05,1.72E-05,2.05E-05,0.870620635,0.870620635
X.mucosus,6,80,Eel like,18,Demersal,Rocky Interdital,Anguiliform,3920,0.081441479,0.200091157,990024.0623,0.000756022,0.007244424,0.007246616,59.71702671,85.49550509,0.000897676,0.010213926,1.42E-05,2.28E-05,1.46E-05,1.78E-05,0.876308148,0.876308148
X.mucosus,6,90,Eel like,18,Demersal,Rocky Interdital,Anguiliform,3920,0.101670868,0.202349797,1190070.174,0.000787264,0.005939282,0.005947217,55.96545397,78.67940332,0.000859766,0.009213304,1.08E-05,1.66E-05,1.22E-05,1.13E-05,0.857005579,0.857005579
